id,X,Y,Z,Esrio,NUMPOINTS
385,327396,1856583,531,8,0
386,327396,1856573,532,8,0
461,327406,1856633,525,10,0
462,327406,1856623,525,10,0
463,327406,1856613,525,10,0
464,327406,1856603,526,11,0
465,327406,1856593,526,10,0
466,327406,1856583,528,3,0
467,327406,1856573,529,0,0
468,327406,1856563,529,0,0
531,327416,1856743,511,10,0
532,327416,1856733,514,10,0
533,327416,1856723,516,10,0
534,327416,1856713,516,10,0
535,327416,1856703,519,10,0
536,327416,1856693,520,10,0
537,327416,1856683,520,10,0
538,327416,1856673,520,10,0
539,327416,1856663,521,10,0
540,327416,1856653,521,10,0
541,327416,1856643,523,10,0
542,327416,1856633,525,0,0
543,327416,1856623,525,0,0
544,327416,1856613,525,0,0
545,327416,1856603,526,0,0
546,327416,1856593,526,0,0
547,327416,1856583,528,0,0
548,327416,1856573,529,0,0
549,327416,1856563,529,0,0
608,327426,1856783,511,2,0
609,327426,1856773,511,11,0
610,327426,1856763,510,10,0
611,327426,1856753,510,11,0
612,327426,1856743,510,0,0
613,327426,1856733,514,0,0
614,327426,1856723,517,0,0
615,327426,1856713,517,0,0
616,327426,1856703,519,0,0
617,327426,1856693,519,0,0
618,327426,1856683,519,0,0
619,327426,1856673,520,0,0
620,327426,1856663,522,0,0
621,327426,1856653,522,0,0
622,327426,1856643,525,0,0
623,327426,1856633,527,0,0
624,327426,1856623,527,0,0
625,327426,1856613,528,0,0
626,327426,1856603,529,0,0
627,327426,1856593,529,0,0
628,327426,1856583,530,0,0
629,327426,1856573,532,0,0
630,327426,1856563,532,0,0
688,327436,1856793,509,4,0
689,327436,1856783,509,11,0
690,327436,1856773,509,0,0
691,327436,1856763,509,0,0
692,327436,1856753,512,0,0
693,327436,1856743,512,0,0
694,327436,1856733,515,0,0
695,327436,1856723,518,0,0
696,327436,1856713,518,0,0
697,327436,1856703,520,0,0
698,327436,1856693,520,0,0
699,327436,1856683,520,0,0
700,327436,1856673,522,0,0
701,327436,1856663,525,0,0
702,327436,1856653,525,0,0
703,327436,1856643,528,0,0
704,327436,1856633,530,0,0
705,327436,1856623,530,0,0
706,327436,1856613,531,0,0
707,327436,1856603,532,0,0
708,327436,1856593,532,0,0
709,327436,1856583,533,0,0
710,327436,1856573,535,0,0
711,327436,1856563,535,0,0
768,327446,1856803,511,3,0
769,327446,1856793,509,11,0
770,327446,1856783,509,0,0
771,327446,1856773,509,0,0
772,327446,1856763,509,0,0
773,327446,1856753,512,0,0
774,327446,1856743,512,0,0
775,327446,1856733,515,0,0
776,327446,1856723,518,0,0
777,327446,1856713,518,0,0
778,327446,1856703,520,0,0
779,327446,1856693,520,0,0
780,327446,1856683,520,0,0
781,327446,1856673,522,0,0
782,327446,1856663,525,0,0
783,327446,1856653,525,0,0
784,327446,1856643,528,0,0
785,327446,1856633,530,0,0
786,327446,1856623,530,0,0
787,327446,1856613,531,0,0
788,327446,1856603,532,0,0
789,327446,1856593,532,0,0
790,327446,1856583,533,0,0
791,327446,1856573,535,0,0
792,327446,1856563,535,0,0
848,327456,1856813,508,2,0
849,327456,1856803,508,11,0
850,327456,1856793,507,0,0
851,327456,1856783,507,0,0
852,327456,1856773,507,0,0
853,327456,1856763,510,0,0
854,327456,1856753,514,0,0
855,327456,1856743,514,0,0
856,327456,1856733,518,0,0
857,327456,1856723,520,0,0
858,327456,1856713,520,0,0
859,327456,1856703,523,0,0
860,327456,1856693,525,0,0
861,327456,1856683,525,0,0
862,327456,1856673,527,0,0
863,327456,1856663,530,0,0
864,327456,1856653,530,0,0
865,327456,1856643,533,0,0
866,327456,1856633,534,0,0
867,327456,1856623,534,0,0
868,327456,1856613,535,0,0
869,327456,1856603,536,0,0
870,327456,1856593,536,0,0
871,327456,1856583,537,0,0
872,327456,1856573,539,0,0
873,327456,1856563,539,0,0
929,327466,1856813,505,13,0
930,327466,1856803,505,0,0
931,327466,1856793,505,0,0
932,327466,1856783,508,0,0
933,327466,1856773,508,0,0
934,327466,1856763,512,0,0
935,327466,1856753,516,0,0
936,327466,1856743,516,0,0
937,327466,1856733,520,0,0
938,327466,1856723,524,0,0
939,327466,1856713,524,0,0
940,327466,1856703,528,0,0
941,327466,1856693,531,0,0
942,327466,1856683,531,0,0
943,327466,1856673,534,0,0
944,327466,1856663,537,0,0
945,327466,1856653,537,0,0
946,327466,1856643,539,0,0
947,327466,1856633,540,0,0
948,327466,1856623,540,0,0
949,327466,1856613,540,0,0
950,327466,1856603,541,0,0
951,327466,1856593,541,0,0
952,327466,1856583,542,0,0
953,327466,1856573,545,0,0
954,327466,1856563,545,0,0
955,327466,1856553,548,0,0
1009,327476,1856823,507,10,0
1010,327476,1856813,505,2,0
1011,327476,1856803,505,0,0
1012,327476,1856793,505,0,0
1013,327476,1856783,508,0,0
1014,327476,1856773,508,0,0
1015,327476,1856763,512,0,0
1016,327476,1856753,516,0,0
1017,327476,1856743,516,0,0
1018,327476,1856733,520,0,0
1019,327476,1856723,524,0,0
1020,327476,1856713,524,0,0
1021,327476,1856703,528,0,0
1022,327476,1856693,531,0,0
1023,327476,1856683,531,0,0
1024,327476,1856673,534,0,0
1025,327476,1856663,537,0,0
1026,327476,1856653,537,0,0
1027,327476,1856643,539,0,0
1028,327476,1856633,540,0,0
1029,327476,1856623,540,0,0
1030,327476,1856613,540,0,0
1031,327476,1856603,541,0,0
1032,327476,1856593,541,0,0
1033,327476,1856583,542,0,0
1034,327476,1856573,545,0,0
1035,327476,1856563,545,0,0
1036,327476,1856553,548,0,0
1089,327486,1856833,504,6,0
1090,327486,1856823,504,7,0
1091,327486,1856813,503,0,0
1092,327486,1856803,503,0,0
1093,327486,1856793,506,0,0
1094,327486,1856783,510,0,0
1095,327486,1856773,510,0,0
1096,327486,1856763,514,0,0
1097,327486,1856753,519,0,0
1098,327486,1856743,519,0,0
1099,327486,1856733,524,0,0
1100,327486,1856723,529,0,0
1101,327486,1856713,529,0,0
1102,327486,1856703,534,0,0
1103,327486,1856693,537,0,0
1104,327486,1856683,537,0,0
1105,327486,1856673,540,0,0
1106,327486,1856663,542,0,0
1107,327486,1856653,542,0,0
1108,327486,1856643,544,0,0
1109,327486,1856633,545,0,0
1110,327486,1856623,545,0,0
1111,327486,1856613,546,0,0
1112,327486,1856603,548,0,0
1113,327486,1856593,548,0,0
1114,327486,1856583,550,0,0
1115,327486,1856573,553,0,0
1116,327486,1856563,553,0,0
1117,327486,1856553,556,0,0
1169,327496,1856843,500,3,0
1170,327496,1856833,500,10,0
1171,327496,1856823,502,0,0
1172,327496,1856813,502,0,0
1173,327496,1856803,502,0,0
1174,327496,1856793,506,0,0
1175,327496,1856783,511,0,0
1176,327496,1856773,511,0,0
1177,327496,1856763,516,0,0
1178,327496,1856753,522,0,0
1179,327496,1856743,522,0,0
1180,327496,1856733,527,0,0
1181,327496,1856723,533,0,0
1182,327496,1856713,533,0,0
1183,327496,1856703,538,0,0
1184,327496,1856693,542,0,0
1185,327496,1856683,542,0,0
1186,327496,1856673,544,0,0
1187,327496,1856663,547,0,0
1188,327496,1856653,547,0,0
1189,327496,1856643,549,0,0
1190,327496,1856633,550,0,0
1191,327496,1856623,550,0,0
1192,327496,1856613,552,0,0
1193,327496,1856603,554,0,0
1194,327496,1856593,554,0,0
1195,327496,1856583,557,0,0
1196,327496,1856573,559,0,0
1197,327496,1856563,559,0,0
1198,327496,1856553,561,0,0
1249,327506,1856853,500,5,0
1250,327506,1856843,500,10,0
1251,327506,1856833,500,0,0
1252,327506,1856823,502,0,0
1253,327506,1856813,502,0,0
1254,327506,1856803,502,0,0
1255,327506,1856793,506,0,0
1256,327506,1856783,511,0,0
1257,327506,1856773,511,0,0
1258,327506,1856763,516,0,0
1259,327506,1856753,522,0,0
1260,327506,1856743,522,0,0
1261,327506,1856733,527,0,0
1262,327506,1856723,533,0,0
1263,327506,1856713,533,0,0
1264,327506,1856703,538,0,0
1265,327506,1856693,542,0,0
1266,327506,1856683,542,0,0
1267,327506,1856673,544,0,0
1268,327506,1856663,547,0,0
1269,327506,1856653,547,0,0
1270,327506,1856643,549,0,0
1271,327506,1856633,550,0,0
1272,327506,1856623,550,0,0
1273,327506,1856613,552,0,0
1274,327506,1856603,554,0,0
1275,327506,1856593,554,0,0
1276,327506,1856583,557,0,0
1277,327506,1856573,559,0,0
1278,327506,1856563,559,0,0
1279,327506,1856553,561,0,0
1329,327516,1856863,498,6,0
1330,327516,1856853,499,9,0
1331,327516,1856843,499,0,0
1332,327516,1856833,499,0,0
1333,327516,1856823,499,0,0
1334,327516,1856813,500,0,0
1335,327516,1856803,500,0,0
1336,327516,1856793,506,0,0
1337,327516,1856783,513,0,0
1338,327516,1856773,513,0,0
1339,327516,1856763,519,0,0
1340,327516,1856753,525,0,0
1341,327516,1856743,525,0,0
1342,327516,1856733,531,0,0
1343,327516,1856723,536,0,0
1344,327516,1856713,536,0,0
1345,327516,1856703,540,0,0
1346,327516,1856693,544,0,0
1347,327516,1856683,544,0,0
1348,327516,1856673,547,0,0
1349,327516,1856663,549,0,0
1350,327516,1856653,549,0,0
1351,327516,1856643,552,0,0
1352,327516,1856633,554,0,0
1353,327516,1856623,554,0,0
1354,327516,1856613,556,0,0
1355,327516,1856603,558,0,0
1356,327516,1856593,558,0,0
1357,327516,1856583,560,0,0
1358,327516,1856573,561,0,0
1359,327516,1856563,561,0,0
1360,327516,1856553,563,0,0
1409,327526,1856873,495,8,0
1410,327526,1856863,495,7,0
1411,327526,1856853,496,0,0
1412,327526,1856843,496,0,0
1413,327526,1856833,496,0,0
1414,327526,1856823,498,0,0
1415,327526,1856813,503,0,0
1416,327526,1856803,503,0,0
1417,327526,1856793,509,0,0
1418,327526,1856783,515,0,0
1419,327526,1856773,515,0,0
1420,327526,1856763,521,0,0
1421,327526,1856753,527,0,0
1422,327526,1856743,527,0,0
1423,327526,1856733,533,0,0
1424,327526,1856723,538,0,0
1425,327526,1856713,538,0,0
1426,327526,1856703,542,0,0
1427,327526,1856693,545,0,0
1428,327526,1856683,545,0,0
1429,327526,1856673,548,0,0
1430,327526,1856663,551,0,0
1431,327526,1856653,551,0,0
1432,327526,1856643,553,0,0
1433,327526,1856633,555,0,0
1434,327526,1856623,555,0,0
1435,327526,1856613,558,0,0
1436,327526,1856603,559,0,0
1437,327526,1856593,559,0,0
1438,327526,1856583,561,0,0
1439,327526,1856573,562,0,0
1440,327526,1856563,562,0,0
1441,327526,1856553,563,0,0
1442,327526,1856543,563,0,0
1489,327536,1856883,495,9,0
1490,327536,1856873,495,6,0
1491,327536,1856863,495,0,0
1492,327536,1856853,496,0,0
1493,327536,1856843,496,0,0
1494,327536,1856833,496,0,0
1495,327536,1856823,498,0,0
1496,327536,1856813,503,0,0
1497,327536,1856803,503,0,0
1498,327536,1856793,509,0,0
1499,327536,1856783,515,0,0
1500,327536,1856773,515,0,0
1501,327536,1856763,521,0,0
1502,327536,1856753,527,0,0
1503,327536,1856743,527,0,0
1504,327536,1856733,533,0,0
1505,327536,1856723,538,0,0
1506,327536,1856713,538,0,0
1507,327536,1856703,542,0,0
1508,327536,1856693,545,0,0
1509,327536,1856683,545,0,0
1510,327536,1856673,548,0,0
1511,327536,1856663,551,0,0
1512,327536,1856653,551,0,0
1513,327536,1856643,553,0,0
1514,327536,1856633,555,0,0
1515,327536,1856623,555,0,0
1516,327536,1856613,558,0,0
1517,327536,1856603,559,0,0
1518,327536,1856593,559,0,0
1519,327536,1856583,561,0,0
1520,327536,1856573,562,0,0
1521,327536,1856563,562,0,0
1522,327536,1856553,563,0,0
1523,327536,1856543,563,0,0
1569,327546,1856893,493,10,0
1570,327546,1856883,493,4,0
1571,327546,1856873,493,0,0
1572,327546,1856863,493,0,0
1573,327546,1856853,493,0,0
1574,327546,1856843,493,0,0
1575,327546,1856833,493,0,0
1576,327546,1856823,494,0,0
1577,327546,1856813,502,0,0
1578,327546,1856803,502,0,0
1579,327546,1856793,510,0,0
1580,327546,1856783,517,0,0
1581,327546,1856773,517,0,0
1582,327546,1856763,523,0,0
1583,327546,1856753,528,0,0
1584,327546,1856743,528,0,0
1585,327546,1856733,534,0,0
1586,327546,1856723,539,0,0
1587,327546,1856713,539,0,0
1588,327546,1856703,542,0,0
1589,327546,1856693,545,0,0
1590,327546,1856683,545,0,0
1591,327546,1856673,548,0,0
1592,327546,1856663,551,0,0
1593,327546,1856653,551,0,0
1594,327546,1856643,553,0,0
1595,327546,1856633,555,0,0
1596,327546,1856623,555,0,0
1597,327546,1856613,557,0,0
1598,327546,1856603,559,0,0
1599,327546,1856593,559,0,0
1600,327546,1856583,560,0,0
1601,327546,1856573,560,0,0
1602,327546,1856563,560,0,0
1603,327546,1856553,561,0,0
1604,327546,1856543,561,0,0
1649,327556,1856903,491,6,0
1650,327556,1856893,491,6,0
1651,327556,1856883,491,0,0
1652,327556,1856873,491,0,0
1653,327556,1856863,491,0,0
1654,327556,1856853,491,0,0
1655,327556,1856843,491,0,0
1656,327556,1856833,491,0,0
1657,327556,1856823,496,0,0
1658,327556,1856813,502,0,0
1659,327556,1856803,502,0,0
1660,327556,1856793,510,0,0
1661,327556,1856783,518,0,0
1662,327556,1856773,518,0,0
1663,327556,1856763,523,0,0
1664,327556,1856753,528,0,0
1665,327556,1856743,528,0,0
1666,327556,1856733,533,0,0
1667,327556,1856723,537,0,0
1668,327556,1856713,537,0,0
1669,327556,1856703,540,0,0
1670,327556,1856693,544,0,0
1671,327556,1856683,544,0,0
1672,327556,1856673,547,0,0
1673,327556,1856663,550,0,0
1674,327556,1856653,550,0,0
1675,327556,1856643,552,0,0
1676,327556,1856633,553,0,0
1677,327556,1856623,553,0,0
1678,327556,1856613,555,0,0
1679,327556,1856603,556,0,0
1680,327556,1856593,556,0,0
1681,327556,1856583,556,0,0
1682,327556,1856573,557,0,0
1683,327556,1856563,557,0,0
1684,327556,1856553,558,0,0
1685,327556,1856543,558,0,0
1729,327566,1856913,492,2,0
1730,327566,1856903,491,11,0
1731,327566,1856893,491,0,0
1732,327566,1856883,491,0,0
1733,327566,1856873,491,0,0
1734,327566,1856863,491,0,0
1735,327566,1856853,491,0,0
1736,327566,1856843,491,0,0
1737,327566,1856833,491,0,0
1738,327566,1856823,496,0,0
1739,327566,1856813,502,0,0
1740,327566,1856803,502,0,0
1741,327566,1856793,510,0,0
1742,327566,1856783,518,0,0
1743,327566,1856773,518,0,0
1744,327566,1856763,523,0,0
1745,327566,1856753,528,0,0
1746,327566,1856743,528,0,0
1747,327566,1856733,533,0,0
1748,327566,1856723,537,0,0
1749,327566,1856713,537,0,0
1750,327566,1856703,540,0,0
1751,327566,1856693,544,0,0
1752,327566,1856683,544,0,0
1753,327566,1856673,547,0,0
1754,327566,1856663,550,0,0
1755,327566,1856653,550,0,0
1756,327566,1856643,552,0,0
1757,327566,1856633,553,0,0
1758,327566,1856623,553,0,0
1759,327566,1856613,555,0,0
1760,327566,1856603,556,0,0
1761,327566,1856593,556,0,0
1762,327566,1856583,556,0,0
1763,327566,1856573,557,0,0
1764,327566,1856563,557,0,0
1765,327566,1856553,558,0,0
1766,327566,1856543,558,0,0
1810,327576,1856913,490,11,0
1811,327576,1856903,490,0,0
1812,327576,1856893,490,0,0
1813,327576,1856883,489,0,0
1814,327576,1856873,489,0,0
1815,327576,1856863,489,0,0
1816,327576,1856853,489,0,0
1817,327576,1856843,489,0,0
1818,327576,1856833,489,0,0
1819,327576,1856823,495,0,0
1820,327576,1856813,501,0,0
1821,327576,1856803,501,0,0
1822,327576,1856793,509,0,0
1823,327576,1856783,517,0,0
1824,327576,1856773,517,0,0
1825,327576,1856763,522,0,0
1826,327576,1856753,526,0,0
1827,327576,1856743,526,0,0
1828,327576,1856733,530,0,0
1829,327576,1856723,534,0,0
1830,327576,1856713,534,0,0
1831,327576,1856703,538,0,0
1832,327576,1856693,542,0,0
1833,327576,1856683,542,0,0
1834,327576,1856673,545,0,0
1835,327576,1856663,548,0,0
1836,327576,1856653,548,0,0
1837,327576,1856643,549,0,0
1838,327576,1856633,550,0,0
1839,327576,1856623,550,0,0
1840,327576,1856613,551,0,0
1841,327576,1856603,551,0,0
1842,327576,1856593,551,0,0
1843,327576,1856583,551,0,0
1844,327576,1856573,552,0,0
1845,327576,1856563,552,0,0
1846,327576,1856553,553,0,0
1847,327576,1856543,553,0,0
1890,327586,1856923,489,3,0
1891,327586,1856913,488,8,0
1892,327586,1856903,488,0,0
1893,327586,1856893,488,0,0
1894,327586,1856883,488,0,0
1895,327586,1856873,488,0,0
1896,327586,1856863,488,0,0
1897,327586,1856853,487,0,0
1898,327586,1856843,491,0,0
1899,327586,1856833,491,0,0
1900,327586,1856823,495,0,0
1901,327586,1856813,500,0,0
1902,327586,1856803,500,0,0
1903,327586,1856793,506,0,0
1904,327586,1856783,514,0,0
1905,327586,1856773,514,0,0
1906,327586,1856763,519,0,0
1907,327586,1856753,522,0,0
1908,327586,1856743,522,0,0
1909,327586,1856733,525,0,0
1910,327586,1856723,529,0,0
1911,327586,1856713,529,0,0
1912,327586,1856703,534,0,0
1913,327586,1856693,539,0,0
1914,327586,1856683,539,0,0
1915,327586,1856673,542,0,0
1916,327586,1856663,545,0,0
1917,327586,1856653,545,0,0
1918,327586,1856643,547,0,0
1919,327586,1856633,547,0,0
1920,327586,1856623,547,0,0
1921,327586,1856613,546,0,0
1922,327586,1856603,546,0,0
1923,327586,1856593,546,0,0
1924,327586,1856583,545,0,0
1925,327586,1856573,546,0,0
1926,327586,1856563,546,0,0
1927,327586,1856553,546,0,0
1928,327586,1856543,546,0,0
1929,327586,1856533,546,0,0
1971,327596,1856923,489,12,0
1972,327596,1856913,488,0,0
1973,327596,1856903,488,0,0
1974,327596,1856893,488,0,0
1975,327596,1856883,488,0,0
1976,327596,1856873,488,0,0
1977,327596,1856863,488,0,0
1978,327596,1856853,487,0,0
1979,327596,1856843,491,0,0
1980,327596,1856833,491,0,0
1981,327596,1856823,495,0,0
1982,327596,1856813,500,0,0
1983,327596,1856803,500,0,0
1984,327596,1856793,506,0,0
1985,327596,1856783,514,0,0
1986,327596,1856773,514,0,0
1987,327596,1856763,519,0,0
1988,327596,1856753,522,0,0
1989,327596,1856743,522,0,0
1990,327596,1856733,525,0,0
1991,327596,1856723,529,0,0
1992,327596,1856713,529,0,0
1993,327596,1856703,534,0,0
1994,327596,1856693,539,0,0
1995,327596,1856683,539,0,0
1996,327596,1856673,542,0,0
1997,327596,1856663,545,0,0
1998,327596,1856653,545,0,0
1999,327596,1856643,547,0,0
2000,327596,1856633,547,0,0
2001,327596,1856623,547,0,0
2002,327596,1856613,546,0,0
2003,327596,1856603,546,0,0
2004,327596,1856593,546,0,0
2005,327596,1856583,545,0,0
2006,327596,1856573,546,0,0
2007,327596,1856563,546,0,0
2008,327596,1856553,546,0,0
2009,327596,1856543,546,0,0
2010,327596,1856533,546,0,0
2052,327606,1856923,486,10,0
2053,327606,1856913,486,0,0
2054,327606,1856903,486,0,0
2055,327606,1856893,486,0,0
2056,327606,1856883,486,0,0
2057,327606,1856873,486,0,0
2058,327606,1856863,486,0,0
2059,327606,1856853,486,0,0
2060,327606,1856843,490,0,0
2061,327606,1856833,490,0,0
2062,327606,1856823,494,0,0
2063,327606,1856813,498,0,0
2064,327606,1856803,498,0,0
2065,327606,1856793,502,0,0
2066,327606,1856783,508,0,0
2067,327606,1856773,508,0,0
2068,327606,1856763,513,0,0
2069,327606,1856753,518,0,0
2070,327606,1856743,518,0,0
2071,327606,1856733,520,0,0
2072,327606,1856723,524,0,0
2073,327606,1856713,524,0,0
2074,327606,1856703,530,0,0
2075,327606,1856693,536,0,0
2076,327606,1856683,536,0,0
2077,327606,1856673,540,0,0
2078,327606,1856663,543,0,0
2079,327606,1856653,543,0,0
2080,327606,1856643,544,0,0
2081,327606,1856633,544,0,0
2082,327606,1856623,544,0,0
2083,327606,1856613,543,0,0
2084,327606,1856603,541,0,0
2085,327606,1856593,541,0,0
2086,327606,1856583,540,0,0
2087,327606,1856573,540,0,0
2088,327606,1856563,540,0,0
2089,327606,1856553,540,0,0
2090,327606,1856543,540,0,0
2091,327606,1856533,540,0,0
2132,327616,1856933,484,11,0
2133,327616,1856923,484,0,0
2134,327616,1856913,484,0,0
2135,327616,1856903,484,0,0
2136,327616,1856893,484,0,0
2137,327616,1856883,484,0,0
2138,327616,1856873,484,0,0
2139,327616,1856863,484,0,0
2140,327616,1856853,487,0,0
2141,327616,1856843,489,0,0
2142,327616,1856833,489,0,0
2143,327616,1856823,493,0,0
2144,327616,1856813,496,0,0
2145,327616,1856803,496,0,0
2146,327616,1856793,499,0,0
2147,327616,1856783,503,0,0
2148,327616,1856773,503,0,0
2149,327616,1856763,509,0,0
2150,327616,1856753,514,0,0
2151,327616,1856743,514,0,0
2152,327616,1856733,517,0,0
2153,327616,1856723,521,0,0
2154,327616,1856713,521,0,0
2155,327616,1856703,528,0,0
2156,327616,1856693,534,0,0
2157,327616,1856683,534,0,0
2158,327616,1856673,539,0,0
2159,327616,1856663,541,0,0
2160,327616,1856653,541,0,0
2161,327616,1856643,542,0,0
2162,327616,1856633,542,0,0
2163,327616,1856623,542,0,0
2164,327616,1856613,541,0,0
2165,327616,1856603,539,0,0
2166,327616,1856593,539,0,0
2167,327616,1856583,537,0,0
2168,327616,1856573,536,0,0
2169,327616,1856563,536,0,0
2170,327616,1856553,535,0,0
2171,327616,1856543,535,0,0
2172,327616,1856533,535,0,0
2213,327626,1856933,484,11,0
2214,327626,1856923,484,0,0
2215,327626,1856913,484,0,0
2216,327626,1856903,484,0,0
2217,327626,1856893,484,0,0
2218,327626,1856883,484,0,0
2219,327626,1856873,484,0,0
2220,327626,1856863,484,0,0
2221,327626,1856853,487,0,0
2222,327626,1856843,489,0,0
2223,327626,1856833,489,0,0
2224,327626,1856823,493,0,0
2225,327626,1856813,496,0,0
2226,327626,1856803,496,0,0
2227,327626,1856793,499,0,0
2228,327626,1856783,503,0,0
2229,327626,1856773,503,0,0
2230,327626,1856763,509,0,0
2231,327626,1856753,514,0,0
2232,327626,1856743,514,0,0
2233,327626,1856733,517,0,0
2234,327626,1856723,521,0,0
2235,327626,1856713,521,0,0
2236,327626,1856703,528,0,0
2237,327626,1856693,534,0,0
2238,327626,1856683,534,0,0
2239,327626,1856673,539,0,0
2240,327626,1856663,541,0,0
2241,327626,1856653,541,0,0
2242,327626,1856643,542,0,0
2243,327626,1856633,542,0,0
2244,327626,1856623,542,0,0
2245,327626,1856613,541,0,0
2246,327626,1856603,539,0,0
2247,327626,1856593,539,0,0
2248,327626,1856583,537,0,0
2249,327626,1856573,536,0,0
2250,327626,1856563,536,0,0
2251,327626,1856553,535,0,0
2252,327626,1856543,535,0,0
2253,327626,1856533,535,0,0
2293,327636,1856943,482,8,0
2294,327636,1856933,482,3,0
2295,327636,1856923,482,0,0
2296,327636,1856913,482,0,0
2297,327636,1856903,482,0,0
2298,327636,1856893,482,0,0
2299,327636,1856883,482,0,0
2300,327636,1856873,484,0,0
2301,327636,1856863,484,0,0
2302,327636,1856853,487,0,0
2303,327636,1856843,489,0,0
2304,327636,1856833,489,0,0
2305,327636,1856823,492,0,0
2306,327636,1856813,494,0,0
2307,327636,1856803,494,0,0
2308,327636,1856793,497,0,0
2309,327636,1856783,501,0,0
2310,327636,1856773,501,0,0
2311,327636,1856763,506,0,0
2312,327636,1856753,512,0,0
2313,327636,1856743,512,0,0
2314,327636,1856733,517,0,0
2315,327636,1856723,521,0,0
2316,327636,1856713,521,0,0
2317,327636,1856703,527,0,0
2318,327636,1856693,533,0,0
2319,327636,1856683,533,0,0
2320,327636,1856673,538,0,0
2321,327636,1856663,540,0,0
2322,327636,1856653,540,0,0
2323,327636,1856643,541,0,0
2324,327636,1856633,541,0,0
2325,327636,1856623,541,0,0
2326,327636,1856613,540,0,0
2327,327636,1856603,538,0,0
2328,327636,1856593,538,0,0
2329,327636,1856583,535,0,0
2330,327636,1856573,533,0,0
2331,327636,1856563,533,0,0
2332,327636,1856553,531,0,0
2333,327636,1856543,530,0,0
2334,327636,1856533,530,0,0
2335,327636,1856523,529,0,0
2374,327646,1856943,480,11,0
2375,327646,1856933,481,0,0
2376,327646,1856923,481,0,0
2377,327646,1856913,480,0,0
2378,327646,1856903,482,0,0
2379,327646,1856893,482,0,0
2380,327646,1856883,482,0,0
2381,327646,1856873,484,0,0
2382,327646,1856863,484,0,0
2383,327646,1856853,486,0,0
2384,327646,1856843,489,0,0
2385,327646,1856833,489,0,0
2386,327646,1856823,491,0,0
2387,327646,1856813,494,0,0
2388,327646,1856803,494,0,0
2389,327646,1856793,497,0,0
2390,327646,1856783,500,0,0
2391,327646,1856773,500,0,0
2392,327646,1856763,506,0,0
2393,327646,1856753,512,0,0
2394,327646,1856743,512,0,0
2395,327646,1856733,518,0,0
2396,327646,1856723,522,0,0
2397,327646,1856713,522,0,0
2398,327646,1856703,527,0,0
2399,327646,1856693,532,0,0
2400,327646,1856683,532,0,0
2401,327646,1856673,536,0,0
2402,327646,1856663,538,0,0
2403,327646,1856653,538,0,0
2404,327646,1856643,539,0,0
2405,327646,1856633,540,0,0
2406,327646,1856623,540,0,0
2407,327646,1856613,539,0,0
2408,327646,1856603,536,0,0
2409,327646,1856593,536,0,0
2410,327646,1856583,533,0,0
2411,327646,1856573,530,0,0
2412,327646,1856563,530,0,0
2413,327646,1856553,528,0,0
2414,327646,1856543,526,0,0
2415,327646,1856533,526,0,0
2416,327646,1856523,525,0,0
2454,327656,1856953,480,9,0
2455,327656,1856943,480,3,0
2456,327656,1856933,481,0,0
2457,327656,1856923,481,0,0
2458,327656,1856913,480,0,0
2459,327656,1856903,482,0,0
2460,327656,1856893,482,0,0
2461,327656,1856883,482,0,0
2462,327656,1856873,484,0,0
2463,327656,1856863,484,0,0
2464,327656,1856853,486,0,0
2465,327656,1856843,489,0,0
2466,327656,1856833,489,0,0
2467,327656,1856823,491,0,0
2468,327656,1856813,494,0,0
2469,327656,1856803,494,0,0
2470,327656,1856793,497,0,0
2471,327656,1856783,500,0,0
2472,327656,1856773,500,0,0
2473,327656,1856763,506,0,0
2474,327656,1856753,512,0,0
2475,327656,1856743,512,0,0
2476,327656,1856733,518,0,0
2477,327656,1856723,522,0,0
2478,327656,1856713,522,0,0
2479,327656,1856703,527,0,0
2480,327656,1856693,532,0,0
2481,327656,1856683,532,0,0
2482,327656,1856673,536,0,0
2483,327656,1856663,538,0,0
2484,327656,1856653,538,0,0
2485,327656,1856643,539,0,0
2486,327656,1856633,540,0,0
2487,327656,1856623,540,0,0
2488,327656,1856613,539,0,0
2489,327656,1856603,536,0,0
2490,327656,1856593,536,0,0
2491,327656,1856583,533,0,0
2492,327656,1856573,530,0,0
2493,327656,1856563,530,0,0
2494,327656,1856553,528,0,0
2495,327656,1856543,526,0,0
2496,327656,1856533,526,0,0
2497,327656,1856523,525,0,0
2535,327666,1856953,479,11,0
2536,327666,1856943,479,0,0
2537,327666,1856933,479,0,0
2538,327666,1856923,479,0,0
2539,327666,1856913,479,0,0
2540,327666,1856903,481,0,0
2541,327666,1856893,481,0,0
2542,327666,1856883,481,0,0
2543,327666,1856873,483,0,0
2544,327666,1856863,483,0,0
2545,327666,1856853,486,0,0
2546,327666,1856843,488,0,0
2547,327666,1856833,488,0,0
2548,327666,1856823,491,0,0
2549,327666,1856813,494,0,0
2550,327666,1856803,494,0,0
2551,327666,1856793,497,0,0
2552,327666,1856783,501,0,0
2553,327666,1856773,501,0,0
2554,327666,1856763,506,0,0
2555,327666,1856753,512,0,0
2556,327666,1856743,512,0,0
2557,327666,1856733,518,0,0
2558,327666,1856723,523,0,0
2559,327666,1856713,523,0,0
2560,327666,1856703,526,0,0
2561,327666,1856693,530,0,0
2562,327666,1856683,530,0,0
2563,327666,1856673,533,0,0
2564,327666,1856663,535,0,0
2565,327666,1856653,535,0,0
2566,327666,1856643,537,0,0
2567,327666,1856633,537,0,0
2568,327666,1856623,537,0,0
2569,327666,1856613,536,0,0
2570,327666,1856603,533,0,0
2571,327666,1856593,533,0,0
2572,327666,1856583,530,0,0
2573,327666,1856573,527,0,0
2574,327666,1856563,527,0,0
2575,327666,1856553,524,0,0
2576,327666,1856543,520,0,0
2577,327666,1856533,520,0,0
2578,327666,1856523,519,0,0
2615,327676,1856963,477,9,0
2616,327676,1856953,477,2,0
2617,327676,1856943,477,0,0
2618,327676,1856933,477,0,0
2619,327676,1856923,477,0,0
2620,327676,1856913,476,0,0
2621,327676,1856903,476,0,0
2622,327676,1856893,476,0,0
2623,327676,1856883,479,0,0
2624,327676,1856873,482,0,0
2625,327676,1856863,482,0,0
2626,327676,1856853,485,0,0
2627,327676,1856843,488,0,0
2628,327676,1856833,488,0,0
2629,327676,1856823,491,0,0
2630,327676,1856813,494,0,0
2631,327676,1856803,494,0,0
2632,327676,1856793,498,0,0
2633,327676,1856783,501,0,0
2634,327676,1856773,501,0,0
2635,327676,1856763,506,0,0
2636,327676,1856753,512,0,0
2637,327676,1856743,512,0,0
2638,327676,1856733,518,0,0
2639,327676,1856723,522,0,0
2640,327676,1856713,522,0,0
2641,327676,1856703,525,0,0
2642,327676,1856693,528,0,0
2643,327676,1856683,528,0,0
2644,327676,1856673,530,0,0
2645,327676,1856663,532,0,0
2646,327676,1856653,532,0,0
2647,327676,1856643,533,0,0
2648,327676,1856633,533,0,0
2649,327676,1856623,533,0,0
2650,327676,1856613,532,0,0
2651,327676,1856603,530,0,0
2652,327676,1856593,530,0,0
2653,327676,1856583,527,0,0
2654,327676,1856573,524,0,0
2655,327676,1856563,524,0,0
2656,327676,1856553,519,0,0
2657,327676,1856543,517,0,0
2658,327676,1856533,517,0,0
2659,327676,1856523,515,0,0
2696,327686,1856963,477,10,0
2697,327686,1856953,477,0,0
2698,327686,1856943,477,0,0
2699,327686,1856933,477,0,0
2700,327686,1856923,477,0,0
2701,327686,1856913,476,0,0
2702,327686,1856903,476,0,0
2703,327686,1856893,476,0,0
2704,327686,1856883,479,0,0
2705,327686,1856873,482,0,0
2706,327686,1856863,482,0,0
2707,327686,1856853,485,0,0
2708,327686,1856843,488,0,0
2709,327686,1856833,488,0,0
2710,327686,1856823,491,0,0
2711,327686,1856813,494,0,0
2712,327686,1856803,494,0,0
2713,327686,1856793,498,0,0
2714,327686,1856783,501,0,0
2715,327686,1856773,501,0,0
2716,327686,1856763,506,0,0
2717,327686,1856753,512,0,0
2718,327686,1856743,512,0,0
2719,327686,1856733,518,0,0
2720,327686,1856723,522,0,0
2721,327686,1856713,522,0,0
2722,327686,1856703,525,0,0
2723,327686,1856693,528,0,0
2724,327686,1856683,528,0,0
2725,327686,1856673,530,0,0
2726,327686,1856663,532,0,0
2727,327686,1856653,532,0,0
2728,327686,1856643,533,0,0
2729,327686,1856633,533,0,0
2730,327686,1856623,533,0,0
2731,327686,1856613,532,0,0
2732,327686,1856603,530,0,0
2733,327686,1856593,530,0,0
2734,327686,1856583,527,0,0
2735,327686,1856573,524,0,0
2736,327686,1856563,524,0,0
2737,327686,1856553,519,0,0
2738,327686,1856543,517,0,0
2739,327686,1856533,517,0,0
2740,327686,1856523,515,0,0
2777,327696,1856963,475,11,0
2778,327696,1856953,475,0,0
2779,327696,1856943,475,0,0
2780,327696,1856933,474,0,0
2781,327696,1856923,474,0,0
2782,327696,1856913,474,0,0
2783,327696,1856903,474,0,0
2784,327696,1856893,474,0,0
2785,327696,1856883,478,0,0
2786,327696,1856873,482,0,0
2787,327696,1856863,482,0,0
2788,327696,1856853,484,0,0
2789,327696,1856843,487,0,0
2790,327696,1856833,487,0,0
2791,327696,1856823,490,0,0
2792,327696,1856813,493,0,0
2793,327696,1856803,493,0,0
2794,327696,1856793,497,0,0
2795,327696,1856783,501,0,0
2796,327696,1856773,501,0,0
2797,327696,1856763,506,0,0
2798,327696,1856753,512,0,0
2799,327696,1856743,512,0,0
2800,327696,1856733,517,0,0
2801,327696,1856723,520,0,0
2802,327696,1856713,520,0,0
2803,327696,1856703,522,0,0
2804,327696,1856693,525,0,0
2805,327696,1856683,525,0,0
2806,327696,1856673,527,0,0
2807,327696,1856663,528,0,0
2808,327696,1856653,528,0,0
2809,327696,1856643,529,0,0
2810,327696,1856633,529,0,0
2811,327696,1856623,529,0,0
2812,327696,1856613,528,0,0
2813,327696,1856603,527,0,0
2814,327696,1856593,527,0,0
2815,327696,1856583,525,0,0
2816,327696,1856573,520,0,0
2817,327696,1856563,520,0,0
2818,327696,1856553,517,0,0
2819,327696,1856543,514,0,0
2820,327696,1856533,514,0,0
2821,327696,1856523,512,0,0
2822,327696,1856513,510,0,0
2857,327706,1856973,473,3,0
2858,327706,1856963,473,7,0
2859,327706,1856953,473,0,0
2860,327706,1856943,472,0,0
2861,327706,1856933,472,0,0
2862,327706,1856923,472,0,0
2863,327706,1856913,471,0,0
2864,327706,1856903,471,0,0
2865,327706,1856893,471,0,0
2866,327706,1856883,477,0,0
2867,327706,1856873,481,0,0
2868,327706,1856863,481,0,0
2869,327706,1856853,483,0,0
2870,327706,1856843,486,0,0
2871,327706,1856833,486,0,0
2872,327706,1856823,489,0,0
2873,327706,1856813,492,0,0
2874,327706,1856803,492,0,0
2875,327706,1856793,496,0,0
2876,327706,1856783,500,0,0
2877,327706,1856773,500,0,0
2878,327706,1856763,505,0,0
2879,327706,1856753,511,0,0
2880,327706,1856743,511,0,0
2881,327706,1856733,515,0,0
2882,327706,1856723,519,0,0
2883,327706,1856713,519,0,0
2884,327706,1856703,520,0,0
2885,327706,1856693,522,0,0
2886,327706,1856683,522,0,0
2887,327706,1856673,523,0,0
2888,327706,1856663,524,0,0
2889,327706,1856653,524,0,0
2890,327706,1856643,524,0,0
2891,327706,1856633,524,0,0
2892,327706,1856623,524,0,0
2893,327706,1856613,524,0,0
2894,327706,1856603,519,0,0
2895,327706,1856593,519,0,0
2896,327706,1856583,519,0,0
2897,327706,1856573,517,0,0
2898,327706,1856563,517,0,0
2899,327706,1856553,514,0,0
2900,327706,1856543,511,0,0
2901,327706,1856533,511,0,0
2902,327706,1856523,508,0,0
2903,327706,1856513,506,0,0
2938,327716,1856973,473,10,0
2939,327716,1856963,473,0,0
2940,327716,1856953,473,0,0
2941,327716,1856943,472,0,0
2942,327716,1856933,472,0,0
2943,327716,1856923,472,0,0
2944,327716,1856913,471,0,0
2945,327716,1856903,471,0,0
2946,327716,1856893,471,0,0
2947,327716,1856883,477,0,0
2948,327716,1856873,481,0,0
2949,327716,1856863,481,0,0
2950,327716,1856853,483,0,0
2951,327716,1856843,486,0,0
2952,327716,1856833,486,0,0
2953,327716,1856823,489,0,0
2954,327716,1856813,492,0,0
2955,327716,1856803,492,0,0
2956,327716,1856793,496,0,0
2957,327716,1856783,500,0,0
2958,327716,1856773,500,0,0
2959,327716,1856763,505,0,0
2960,327716,1856753,511,0,0
2961,327716,1856743,511,0,0
2962,327716,1856733,515,0,0
2963,327716,1856723,519,0,0
2964,327716,1856713,519,0,0
2965,327716,1856703,520,0,0
2966,327716,1856693,522,0,0
2967,327716,1856683,522,0,0
2968,327716,1856673,523,0,0
2969,327716,1856663,524,0,0
2970,327716,1856653,524,0,0
2971,327716,1856643,524,0,0
2972,327716,1856633,524,0,0
2973,327716,1856623,524,0,0
2974,327716,1856613,524,0,0
2975,327716,1856603,519,0,0
2976,327716,1856593,519,0,0
2977,327716,1856583,519,0,0
2978,327716,1856573,517,0,0
2979,327716,1856563,517,0,0
2980,327716,1856553,514,0,0
2981,327716,1856543,511,0,0
2982,327716,1856533,511,0,0
2983,327716,1856523,508,0,0
2984,327716,1856513,506,0,0
3019,327726,1856973,471,10,0
3020,327726,1856963,471,0,0
3021,327726,1856953,471,0,0
3022,327726,1856943,470,0,0
3023,327726,1856933,470,0,0
3024,327726,1856923,470,0,0
3025,327726,1856913,470,0,0
3026,327726,1856903,469,0,0
3027,327726,1856893,469,0,0
3028,327726,1856883,475,0,0
3029,327726,1856873,479,0,0
3030,327726,1856863,479,0,0
3031,327726,1856853,481,0,0
3032,327726,1856843,483,0,0
3033,327726,1856833,483,0,0
3034,327726,1856823,487,0,0
3035,327726,1856813,491,0,0
3036,327726,1856803,491,0,0
3037,327726,1856793,495,0,0
3038,327726,1856783,500,0,0
3039,327726,1856773,500,0,0
3040,327726,1856763,505,0,0
3041,327726,1856753,510,0,0
3042,327726,1856743,510,0,0
3043,327726,1856733,514,0,0
3044,327726,1856723,517,0,0
3045,327726,1856713,517,0,0
3046,327726,1856703,518,0,0
3047,327726,1856693,519,0,0
3048,327726,1856683,519,0,0
3049,327726,1856673,520,0,0
3050,327726,1856663,520,0,0
3051,327726,1856653,520,0,0
3052,327726,1856643,520,0,0
3053,327726,1856633,520,0,0
3054,327726,1856623,520,0,0
3055,327726,1856613,515,0,0
3056,327726,1856603,514,0,0
3057,327726,1856593,514,0,0
3058,327726,1856583,514,0,0
3059,327726,1856573,513,0,0
3060,327726,1856563,513,0,0
3061,327726,1856553,510,0,0
3062,327726,1856543,507,0,0
3063,327726,1856533,507,0,0
3064,327726,1856523,504,0,0
3065,327726,1856513,502,0,0
3100,327736,1856973,470,1,0
3101,327736,1856963,469,9,0
3102,327736,1856953,469,0,0
3103,327736,1856943,468,0,0
3104,327736,1856933,468,0,0
3105,327736,1856923,468,0,0
3106,327736,1856913,468,0,0
3107,327736,1856903,467,0,0
3108,327736,1856893,467,0,0
3109,327736,1856883,472,0,0
3110,327736,1856873,476,0,0
3111,327736,1856863,476,0,0
3112,327736,1856853,479,0,0
3113,327736,1856843,481,0,0
3114,327736,1856833,481,0,0
3115,327736,1856823,485,0,0
3116,327736,1856813,489,0,0
3117,327736,1856803,489,0,0
3118,327736,1856793,494,0,0
3119,327736,1856783,499,0,0
3120,327736,1856773,499,0,0
3121,327736,1856763,505,0,0
3122,327736,1856753,509,0,0
3123,327736,1856743,509,0,0
3124,327736,1856733,512,0,0
3125,327736,1856723,515,0,0
3126,327736,1856713,515,0,0
3127,327736,1856703,516,0,0
3128,327736,1856693,516,0,0
3129,327736,1856683,516,0,0
3130,327736,1856673,516,0,0
3131,327736,1856663,516,0,0
3132,327736,1856653,516,0,0
3133,327736,1856643,515,0,0
3134,327736,1856633,510,0,0
3135,327736,1856623,510,0,0
3136,327736,1856613,509,0,0
3137,327736,1856603,509,0,0
3138,327736,1856593,509,0,0
3139,327736,1856583,509,0,0
3140,327736,1856573,507,0,0
3141,327736,1856563,507,0,0
3142,327736,1856553,505,0,0
3143,327736,1856543,503,0,0
3144,327736,1856533,503,0,0
3145,327736,1856523,501,0,0
3146,327736,1856513,500,0,0
3182,327746,1856963,469,10,0
3183,327746,1856953,469,0,0
3184,327746,1856943,468,0,0
3185,327746,1856933,468,0,0
3186,327746,1856923,468,0,0
3187,327746,1856913,468,0,0
3188,327746,1856903,467,0,0
3189,327746,1856893,467,0,0
3190,327746,1856883,472,0,0
3191,327746,1856873,476,0,0
3192,327746,1856863,476,0,0
3193,327746,1856853,479,0,0
3194,327746,1856843,481,0,0
3195,327746,1856833,481,0,0
3196,327746,1856823,485,0,0
3197,327746,1856813,489,0,0
3198,327746,1856803,489,0,0
3199,327746,1856793,494,0,0
3200,327746,1856783,499,0,0
3201,327746,1856773,499,0,0
3202,327746,1856763,505,0,0
3203,327746,1856753,509,0,0
3204,327746,1856743,509,0,0
3205,327746,1856733,512,0,0
3206,327746,1856723,515,0,0
3207,327746,1856713,515,0,0
3208,327746,1856703,516,0,0
3209,327746,1856693,516,0,0
3210,327746,1856683,516,0,0
3211,327746,1856673,516,0,0
3212,327746,1856663,516,0,0
3213,327746,1856653,516,0,0
3214,327746,1856643,515,0,0
3215,327746,1856633,510,0,0
3216,327746,1856623,510,0,0
3217,327746,1856613,509,0,0
3218,327746,1856603,509,0,0
3219,327746,1856593,509,0,0
3220,327746,1856583,509,0,0
3221,327746,1856573,507,0,0
3222,327746,1856563,507,0,0
3223,327746,1856553,505,0,0
3224,327746,1856543,503,0,0
3225,327746,1856533,503,0,0
3226,327746,1856523,501,0,0
3227,327746,1856513,500,0,0
3263,327756,1856963,468,10,0
3264,327756,1856953,468,0,0
3265,327756,1856943,467,0,0
3266,327756,1856933,466,0,0
3267,327756,1856923,466,0,0
3268,327756,1856913,466,0,0
3269,327756,1856903,465,0,0
3270,327756,1856893,465,0,0
3271,327756,1856883,468,0,0
3272,327756,1856873,472,0,0
3273,327756,1856863,472,0,0
3274,327756,1856853,476,0,0
3275,327756,1856843,479,0,0
3276,327756,1856833,479,0,0
3277,327756,1856823,483,0,0
3278,327756,1856813,488,0,0
3279,327756,1856803,488,0,0
3280,327756,1856793,494,0,0
3281,327756,1856783,499,0,0
3282,327756,1856773,499,0,0
3283,327756,1856763,504,0,0
3284,327756,1856753,508,0,0
3285,327756,1856743,508,0,0
3286,327756,1856733,511,0,0
3287,327756,1856723,513,0,0
3288,327756,1856713,513,0,0
3289,327756,1856703,513,0,0
3290,327756,1856693,513,0,0
3291,327756,1856683,513,0,0
3292,327756,1856673,512,0,0
3293,327756,1856663,507,0,0
3294,327756,1856653,507,0,0
3295,327756,1856643,506,0,0
3296,327756,1856633,505,0,0
3297,327756,1856623,505,0,0
3298,327756,1856613,504,0,0
3299,327756,1856603,504,0,0
3300,327756,1856593,504,0,0
3301,327756,1856583,504,0,0
3302,327756,1856573,503,0,0
3303,327756,1856563,503,0,0
3304,327756,1856553,502,0,0
3305,327756,1856543,500,0,0
3306,327756,1856533,500,0,0
3307,327756,1856523,500,0,0
3308,327756,1856513,500,0,0
3309,327756,1856503,500,0,0
3344,327766,1856963,466,10,0
3345,327766,1856953,466,0,0
3346,327766,1856943,466,0,0
3347,327766,1856933,465,0,0
3348,327766,1856923,465,0,0
3349,327766,1856913,465,0,0
3350,327766,1856903,465,0,0
3351,327766,1856893,465,0,0
3352,327766,1856883,464,0,0
3353,327766,1856873,469,0,0
3354,327766,1856863,469,0,0
3355,327766,1856853,473,0,0
3356,327766,1856843,477,0,0
3357,327766,1856833,477,0,0
3358,327766,1856823,481,0,0
3359,327766,1856813,487,0,0
3360,327766,1856803,487,0,0
3361,327766,1856793,493,0,0
3362,327766,1856783,499,0,0
3363,327766,1856773,499,0,0
3364,327766,1856763,504,0,0
3365,327766,1856753,508,0,0
3366,327766,1856743,508,0,0
3367,327766,1856733,510,0,0
3368,327766,1856723,511,0,0
3369,327766,1856713,511,0,0
3370,327766,1856703,511,0,0
3371,327766,1856693,510,0,0
3372,327766,1856683,510,0,0
3373,327766,1856673,505,0,0
3374,327766,1856663,504,0,0
3375,327766,1856653,504,0,0
3376,327766,1856643,503,0,0
3377,327766,1856633,502,0,0
3378,327766,1856623,502,0,0
3379,327766,1856613,500,0,0
3380,327766,1856603,500,0,0
3381,327766,1856593,500,0,0
3382,327766,1856583,500,0,0
3383,327766,1856573,500,0,0
3384,327766,1856563,500,0,0
3385,327766,1856553,499,0,0
3386,327766,1856543,499,0,0
3387,327766,1856533,499,0,0
3388,327766,1856523,498,0,0
3389,327766,1856513,499,0,0
3390,327766,1856503,499,0,0
3425,327776,1856963,466,10,0
3426,327776,1856953,466,0,0
3427,327776,1856943,466,0,0
3428,327776,1856933,465,0,0
3429,327776,1856923,465,0,0
3430,327776,1856913,465,0,0
3431,327776,1856903,465,0,0
3432,327776,1856893,465,0,0
3433,327776,1856883,464,0,0
3434,327776,1856873,469,0,0
3435,327776,1856863,469,0,0
3436,327776,1856853,473,0,0
3437,327776,1856843,477,0,0
3438,327776,1856833,477,0,0
3439,327776,1856823,481,0,0
3440,327776,1856813,487,0,0
3441,327776,1856803,487,0,0
3442,327776,1856793,493,0,0
3443,327776,1856783,499,0,0
3444,327776,1856773,499,0,0
3445,327776,1856763,504,0,0
3446,327776,1856753,508,0,0
3447,327776,1856743,508,0,0
3448,327776,1856733,510,0,0
3449,327776,1856723,511,0,0
3450,327776,1856713,511,0,0
3451,327776,1856703,511,0,0
3452,327776,1856693,510,0,0
3453,327776,1856683,510,0,0
3454,327776,1856673,505,0,0
3455,327776,1856663,504,0,0
3456,327776,1856653,504,0,0
3457,327776,1856643,503,0,0
3458,327776,1856633,502,0,0
3459,327776,1856623,502,0,0
3460,327776,1856613,500,0,0
3461,327776,1856603,500,0,0
3462,327776,1856593,500,0,0
3463,327776,1856583,500,0,0
3464,327776,1856573,500,0,0
3465,327776,1856563,500,0,0
3466,327776,1856553,499,0,0
3467,327776,1856543,499,0,0
3468,327776,1856533,499,0,0
3469,327776,1856523,498,0,0
3470,327776,1856513,499,0,0
3471,327776,1856503,499,0,0
3506,327786,1856963,465,10,0
3507,327786,1856953,465,0,0
3508,327786,1856943,465,0,0
3509,327786,1856933,465,0,0
3510,327786,1856923,465,0,0
3511,327786,1856913,465,0,0
3512,327786,1856903,464,0,0
3513,327786,1856893,464,0,0
3514,327786,1856883,464,0,0
3515,327786,1856873,468,0,0
3516,327786,1856863,468,0,0
3517,327786,1856853,472,0,0
3518,327786,1856843,476,0,0
3519,327786,1856833,476,0,0
3520,327786,1856823,480,0,0
3521,327786,1856813,486,0,0
3522,327786,1856803,486,0,0
3523,327786,1856793,493,0,0
3524,327786,1856783,499,0,0
3525,327786,1856773,499,0,0
3526,327786,1856763,504,0,0
3527,327786,1856753,507,0,0
3528,327786,1856743,507,0,0
3529,327786,1856733,509,0,0
3530,327786,1856723,509,0,0
3531,327786,1856713,509,0,0
3532,327786,1856703,509,0,0
3533,327786,1856693,505,0,0
3534,327786,1856683,505,0,0
3535,327786,1856673,502,0,0
3536,327786,1856663,500,0,0
3537,327786,1856653,500,0,0
3538,327786,1856643,499,0,0
3539,327786,1856633,499,0,0
3540,327786,1856623,499,0,0
3541,327786,1856613,498,0,0
3542,327786,1856603,497,0,0
3543,327786,1856593,497,0,0
3544,327786,1856583,497,0,0
3545,327786,1856573,497,0,0
3546,327786,1856563,497,0,0
3547,327786,1856553,497,0,0
3548,327786,1856543,497,0,0
3549,327786,1856533,497,0,0
3550,327786,1856523,497,0,0
3551,327786,1856513,498,0,0
3552,327786,1856503,498,0,0
3587,327796,1856963,464,10,0
3588,327796,1856953,464,0,0
3589,327796,1856943,464,0,0
3590,327796,1856933,464,0,0
3591,327796,1856923,464,0,0
3592,327796,1856913,464,0,0
3593,327796,1856903,464,0,0
3594,327796,1856893,464,0,0
3595,327796,1856883,464,0,0
3596,327796,1856873,467,0,0
3597,327796,1856863,467,0,0
3598,327796,1856853,471,0,0
3599,327796,1856843,475,0,0
3600,327796,1856833,475,0,0
3601,327796,1856823,480,0,0
3602,327796,1856813,486,0,0
3603,327796,1856803,486,0,0
3604,327796,1856793,492,0,0
3605,327796,1856783,498,0,0
3606,327796,1856773,498,0,0
3607,327796,1856763,502,0,0
3608,327796,1856753,505,0,0
3609,327796,1856743,505,0,0
3610,327796,1856733,507,0,0
3611,327796,1856723,505,0,0
3612,327796,1856713,505,0,0
3613,327796,1856703,504,0,0
3614,327796,1856693,502,0,0
3615,327796,1856683,502,0,0
3616,327796,1856673,500,0,0
3617,327796,1856663,498,0,0
3618,327796,1856653,498,0,0
3619,327796,1856643,497,0,0
3620,327796,1856633,496,0,0
3621,327796,1856623,496,0,0
3622,327796,1856613,496,0,0
3623,327796,1856603,495,0,0
3624,327796,1856593,495,0,0
3625,327796,1856583,496,0,0
3626,327796,1856573,495,0,0
3627,327796,1856563,495,0,0
3628,327796,1856553,496,0,0
3629,327796,1856543,496,0,0
3630,327796,1856533,496,0,0
3631,327796,1856523,498,0,0
3632,327796,1856513,499,0,0
3633,327796,1856503,499,0,0
3668,327806,1856963,464,10,0
3669,327806,1856953,464,0,0
3670,327806,1856943,464,0,0
3671,327806,1856933,464,0,0
3672,327806,1856923,464,0,0
3673,327806,1856913,464,0,0
3674,327806,1856903,464,0,0
3675,327806,1856893,464,0,0
3676,327806,1856883,464,0,0
3677,327806,1856873,467,0,0
3678,327806,1856863,467,0,0
3679,327806,1856853,471,0,0
3680,327806,1856843,475,0,0
3681,327806,1856833,475,0,0
3682,327806,1856823,480,0,0
3683,327806,1856813,486,0,0
3684,327806,1856803,486,0,0
3685,327806,1856793,492,0,0
3686,327806,1856783,498,0,0
3687,327806,1856773,498,0,0
3688,327806,1856763,502,0,0
3689,327806,1856753,505,0,0
3690,327806,1856743,505,0,0
3691,327806,1856733,507,0,0
3692,327806,1856723,505,0,0
3693,327806,1856713,505,0,0
3694,327806,1856703,504,0,0
3695,327806,1856693,502,0,0
3696,327806,1856683,502,0,0
3697,327806,1856673,500,0,0
3698,327806,1856663,498,0,0
3699,327806,1856653,498,0,0
3700,327806,1856643,497,0,0
3701,327806,1856633,496,0,0
3702,327806,1856623,496,0,0
3703,327806,1856613,496,0,0
3704,327806,1856603,495,0,0
3705,327806,1856593,495,0,0
3706,327806,1856583,496,0,0
3707,327806,1856573,495,0,0
3708,327806,1856563,495,7,1
3709,327806,1856553,496,11,1
3710,327806,1856543,496,0,0
3711,327806,1856533,496,0,0
3712,327806,1856523,498,0,0
3713,327806,1856513,499,0,0
3714,327806,1856503,499,0,0
3715,327806,1856493,500,0,0
3749,327816,1856963,463,11,0
3750,327816,1856953,463,0,0
3751,327816,1856943,463,0,0
3752,327816,1856933,463,0,0
3753,327816,1856923,463,0,0
3754,327816,1856913,463,0,0
3755,327816,1856903,463,0,0
3756,327816,1856893,463,0,0
3757,327816,1856883,463,0,0
3758,327816,1856873,467,0,0
3759,327816,1856863,467,0,0
3760,327816,1856853,471,0,0
3761,327816,1856843,475,0,0
3762,327816,1856833,475,0,0
3763,327816,1856823,480,0,0
3764,327816,1856813,484,0,0
3765,327816,1856803,484,0,0
3766,327816,1856793,490,0,0
3767,327816,1856783,495,0,0
3768,327816,1856773,495,0,0
3769,327816,1856763,500,0,0
3770,327816,1856753,503,0,0
3771,327816,1856743,503,0,0
3772,327816,1856733,501,0,0
3773,327816,1856723,502,0,0
3774,327816,1856713,502,0,0
3775,327816,1856703,502,0,0
3776,327816,1856693,499,0,0
3777,327816,1856683,499,0,0
3778,327816,1856673,497,0,0
3779,327816,1856663,495,0,0
3780,327816,1856653,495,0,0
3781,327816,1856643,494,0,0
3782,327816,1856633,494,0,0
3783,327816,1856623,494,0,1
3784,327816,1856613,494,0,0
3785,327816,1856603,494,0,0
3786,327816,1856593,494,0,0
3787,327816,1856583,494,4,0
3788,327816,1856573,495,11,3
3789,327816,1856563,495,6,2
3790,327816,1856553,496,1,0
3791,327816,1856543,497,13,0
3792,327816,1856533,497,0,0
3793,327816,1856523,498,0,0
3794,327816,1856513,500,0,0
3795,327816,1856503,500,0,0
3796,327816,1856493,501,0,0
3830,327826,1856963,462,10,0
3831,327826,1856953,462,0,0
3832,327826,1856943,462,0,0
3833,327826,1856933,462,0,0
3834,327826,1856923,462,0,0
3835,327826,1856913,462,0,0
3836,327826,1856903,462,0,0
3837,327826,1856893,462,0,0
3838,327826,1856883,464,0,0
3839,327826,1856873,467,0,0
3840,327826,1856863,467,0,0
3841,327826,1856853,470,0,0
3842,327826,1856843,474,0,0
3843,327826,1856833,474,0,0
3844,327826,1856823,479,0,0
3845,327826,1856813,482,0,0
3846,327826,1856803,482,0,0
3847,327826,1856793,486,0,0
3848,327826,1856783,491,0,0
3849,327826,1856773,491,0,0
3850,327826,1856763,495,0,0
3851,327826,1856753,492,0,0
3852,327826,1856743,492,0,0
3853,327826,1856733,496,0,0
3854,327826,1856723,498,0,0
3855,327826,1856713,498,0,0
3856,327826,1856703,498,0,0
3857,327826,1856693,496,0,0
3858,327826,1856683,496,0,0
3859,327826,1856673,494,0,0
3860,327826,1856663,492,0,0
3861,327826,1856653,492,0,0
3862,327826,1856643,492,0,1
3863,327826,1856633,492,0,1
3864,327826,1856623,492,0,0
3865,327826,1856613,493,0,0
3866,327826,1856603,494,0,0
3867,327826,1856593,494,0,0
3868,327826,1856583,495,11,1
3869,327826,1856573,495,0,1
3870,327826,1856563,495,0,1
3871,327826,1856553,496,0,0
3872,327826,1856543,497,12,0
3873,327826,1856533,497,0,0
3874,327826,1856523,498,0,0
3875,327826,1856513,499,0,0
3876,327826,1856503,499,0,0
3877,327826,1856493,501,0,0
3878,327826,1856483,504,0,0
3910,327836,1856973,462,10,0
3911,327836,1856963,462,0,0
3912,327836,1856953,462,0,0
3913,327836,1856943,462,0,0
3914,327836,1856933,462,0,0
3915,327836,1856923,462,0,0
3916,327836,1856913,462,0,0
3917,327836,1856903,462,0,0
3918,327836,1856893,462,0,0
3919,327836,1856883,464,0,0
3920,327836,1856873,467,0,0
3921,327836,1856863,467,0,0
3922,327836,1856853,470,0,0
3923,327836,1856843,474,0,0
3924,327836,1856833,474,0,0
3925,327836,1856823,479,0,0
3926,327836,1856813,482,0,0
3927,327836,1856803,482,0,0
3928,327836,1856793,486,0,0
3929,327836,1856783,491,0,0
3930,327836,1856773,491,0,0
3931,327836,1856763,495,0,0
3932,327836,1856753,492,0,0
3933,327836,1856743,492,0,0
3934,327836,1856733,496,0,1
3935,327836,1856723,498,0,0
3936,327836,1856713,498,0,1
3937,327836,1856703,498,0,0
3938,327836,1856693,496,0,1
3939,327836,1856683,496,2,1
3940,327836,1856673,494,11,2
3941,327836,1856663,492,11,1
3942,327836,1856653,492,10,0
3943,327836,1856643,492,10,1
3944,327836,1856633,492,10,2
3945,327836,1856623,492,11,1
3946,327836,1856613,493,3,0
3947,327836,1856603,494,0,0
3948,327836,1856593,494,0,0
3949,327836,1856583,495,10,1
3950,327836,1856573,495,0,0
3951,327836,1856563,495,0,0
3952,327836,1856553,496,10,0
3953,327836,1856543,497,1,0
3954,327836,1856533,497,0,0
3955,327836,1856523,498,0,0
3956,327836,1856513,499,0,0
3957,327836,1856503,499,0,0
3958,327836,1856493,501,0,0
3959,327836,1856483,504,0,0
3991,327846,1856973,461,11,0
3992,327846,1856963,461,0,0
3993,327846,1856953,461,0,0
3994,327846,1856943,461,0,0
3995,327846,1856933,461,0,0
3996,327846,1856923,461,0,0
3997,327846,1856913,461,0,0
3998,327846,1856903,461,0,0
3999,327846,1856893,461,0,0
4000,327846,1856883,464,0,0
4001,327846,1856873,467,0,0
4002,327846,1856863,467,0,0
4003,327846,1856853,470,0,0
4004,327846,1856843,473,0,0
4005,327846,1856833,473,0,0
4006,327846,1856823,476,0,0
4007,327846,1856813,479,0,0
4008,327846,1856803,479,0,0
4009,327846,1856793,481,0,0
4010,327846,1856783,480,0,0
4011,327846,1856773,480,0,0
4012,327846,1856763,482,0,0
4013,327846,1856753,485,0,0
4014,327846,1856743,485,0,0
4015,327846,1856733,490,0,0
4016,327846,1856723,493,0,1
4017,327846,1856713,493,12,3
4018,327846,1856703,493,10,0
4019,327846,1856693,491,10,1
4020,327846,1856683,491,9,0
4021,327846,1856673,491,0,0
4022,327846,1856663,489,0,0
4023,327846,1856653,489,0,0
4024,327846,1856643,490,0,0
4025,327846,1856633,492,0,2
4026,327846,1856623,492,0,0
4027,327846,1856613,494,10,2
4028,327846,1856603,495,10,0
4029,327846,1856593,495,9,1
4030,327846,1856583,496,9,0
4031,327846,1856573,496,0,0
4032,327846,1856563,496,0,0
4033,327846,1856553,497,10,1
4034,327846,1856543,497,0,0
4035,327846,1856533,497,0,0
4036,327846,1856523,498,0,0
4037,327846,1856513,499,0,0
4038,327846,1856503,499,0,0
4039,327846,1856493,500,0,0
4040,327846,1856483,504,0,0
4072,327856,1856973,460,10,0
4073,327856,1856963,460,0,0
4074,327856,1856953,460,0,0
4075,327856,1856943,460,0,0
4076,327856,1856933,461,0,0
4077,327856,1856923,461,0,0
4078,327856,1856913,461,0,0
4079,327856,1856903,461,0,0
4080,327856,1856893,461,0,0
4081,327856,1856883,463,0,0
4082,327856,1856873,466,0,0
4083,327856,1856863,466,0,0
4084,327856,1856853,469,0,0
4085,327856,1856843,472,0,0
4086,327856,1856833,472,0,0
4087,327856,1856823,474,0,0
4088,327856,1856813,476,0,0
4089,327856,1856803,476,0,0
4090,327856,1856793,476,0,0
4091,327856,1856783,477,0,0
4092,327856,1856773,477,0,0
4093,327856,1856763,480,0,0
4094,327856,1856753,481,0,0
4095,327856,1856743,481,0,0
4096,327856,1856733,485,0,1
4097,327856,1856723,487,8,2
4098,327856,1856713,487,6,0
4099,327856,1856703,488,0,0
4100,327856,1856693,486,0,0
4101,327856,1856683,486,0,0
4102,327856,1856673,488,0,0
4103,327856,1856663,491,0,0
4104,327856,1856653,491,0,0
4105,327856,1856643,494,0,0
4106,327856,1856633,495,0,0
4107,327856,1856623,495,0,0
4108,327856,1856613,496,0,0
4109,327856,1856603,497,0,2
4110,327856,1856593,497,10,2
4111,327856,1856583,497,10,0
4112,327856,1856573,497,10,0
4113,327856,1856563,497,10,1
4114,327856,1856553,497,8,2
4115,327856,1856543,498,0,0
4116,327856,1856533,498,0,0
4117,327856,1856523,498,0,0
4118,327856,1856513,499,0,0
4119,327856,1856503,499,0,0
4120,327856,1856493,500,0,0
4121,327856,1856483,505,0,0
4122,327856,1856473,505,0,0
4153,327866,1856973,460,10,0
4154,327866,1856963,460,0,0
4155,327866,1856953,460,0,0
4156,327866,1856943,460,0,0
4157,327866,1856933,461,0,0
4158,327866,1856923,461,0,0
4159,327866,1856913,461,0,0
4160,327866,1856903,461,0,0
4161,327866,1856893,461,0,0
4162,327866,1856883,463,0,0
4163,327866,1856873,466,0,0
4164,327866,1856863,466,0,1
4165,327866,1856853,469,0,0
4166,327866,1856843,472,0,0
4167,327866,1856833,472,0,0
4168,327866,1856823,474,0,0
4169,327866,1856813,476,0,0
4170,327866,1856803,476,0,0
4171,327866,1856793,476,0,0
4172,327866,1856783,477,0,0
4173,327866,1856773,477,0,0
4174,327866,1856763,480,0,0
4175,327866,1856753,481,0,0
4176,327866,1856743,481,0,0
4177,327866,1856733,485,0,0
4178,327866,1856723,487,10,0
4179,327866,1856713,487,0,0
4180,327866,1856703,488,0,0
4181,327866,1856693,486,0,0
4182,327866,1856683,486,0,0
4183,327866,1856673,488,0,0
4184,327866,1856663,491,0,0
4185,327866,1856653,491,0,0
4186,327866,1856643,494,0,0
4187,327866,1856633,495,0,0
4188,327866,1856623,495,0,0
4189,327866,1856613,496,0,0
4190,327866,1856603,497,0,0
4191,327866,1856593,497,0,0
4192,327866,1856583,497,0,0
4193,327866,1856573,497,0,0
4194,327866,1856563,497,0,1
4195,327866,1856553,497,0,0
4196,327866,1856543,498,0,0
4197,327866,1856533,498,0,0
4198,327866,1856523,498,0,0
4199,327866,1856513,499,0,0
4200,327866,1856503,499,0,0
4201,327866,1856493,500,0,0
4202,327866,1856483,505,0,0
4203,327866,1856473,505,0,0
4233,327876,1856983,459,11,0
4234,327876,1856973,459,0,0
4235,327876,1856963,459,0,0
4236,327876,1856953,459,0,0
4237,327876,1856943,460,0,0
4238,327876,1856933,460,0,0
4239,327876,1856923,460,0,0
4240,327876,1856913,460,0,1
4241,327876,1856903,460,5,2
4242,327876,1856893,460,10,1
4243,327876,1856883,463,11,2
4244,327876,1856873,465,10,0
4245,327876,1856863,465,10,2
4246,327876,1856853,468,7,2
4247,327876,1856843,470,0,0
4248,327876,1856833,470,0,0
4249,327876,1856823,471,0,0
4250,327876,1856813,473,0,0
4251,327876,1856803,473,0,1
4252,327876,1856793,474,0,0
4253,327876,1856783,475,0,0
4254,327876,1856773,475,0,0
4255,327876,1856763,477,0,0
4256,327876,1856753,479,0,0
4257,327876,1856743,479,0,0
4258,327876,1856733,481,0,0
4259,327876,1856723,483,10,1
4260,327876,1856713,483,0,1
4261,327876,1856703,484,0,0
4262,327876,1856693,488,0,0
4263,327876,1856683,488,0,0
4264,327876,1856673,492,0,0
4265,327876,1856663,495,0,0
4266,327876,1856653,495,0,0
4267,327876,1856643,497,0,0
4268,327876,1856633,499,0,0
4269,327876,1856623,499,0,0
4270,327876,1856613,500,0,0
4271,327876,1856603,500,0,0
4272,327876,1856593,500,0,0
4273,327876,1856583,500,0,0
4274,327876,1856573,500,0,0
4275,327876,1856563,500,0,0
4276,327876,1856553,499,0,0
4277,327876,1856543,498,0,0
4278,327876,1856533,498,0,0
4279,327876,1856523,498,0,0
4280,327876,1856513,499,0,0
4281,327876,1856503,499,0,0
4282,327876,1856493,500,0,0
4283,327876,1856483,505,0,0
4284,327876,1856473,505,0,0
4285,327876,1856463,512,0,0
4314,327886,1856983,458,12,0
4315,327886,1856973,459,0,0
4316,327886,1856963,459,0,0
4317,327886,1856953,459,0,0
4318,327886,1856943,459,0,0
4319,327886,1856933,460,0,0
4320,327886,1856923,460,7,0
4321,327886,1856913,460,10,0
4322,327886,1856903,461,6,1
4323,327886,1856893,461,0,0
4324,327886,1856883,463,0,0
4325,327886,1856873,465,0,0
4326,327886,1856863,465,0,0
4327,327886,1856853,467,11,1
4328,327886,1856843,469,0,1
4329,327886,1856833,469,8,2
4330,327886,1856823,470,10,1
4331,327886,1856813,472,10,0
4332,327886,1856803,472,10,1
4333,327886,1856793,473,11,0
4334,327886,1856783,475,8,2
4335,327886,1856773,475,0,0
4336,327886,1856763,477,0,0
4337,327886,1856753,479,0,0
4338,327886,1856743,479,0,0
4339,327886,1856733,482,0,0
4340,327886,1856723,485,10,1
4341,327886,1856713,485,0,0
4342,327886,1856703,487,0,0
4343,327886,1856693,490,0,0
4344,327886,1856683,490,0,0
4345,327886,1856673,495,0,0
4346,327886,1856663,498,0,0
4347,327886,1856653,498,0,0
4348,327886,1856643,500,0,0
4349,327886,1856633,502,0,0
4350,327886,1856623,502,0,0
4351,327886,1856613,503,0,0
4352,327886,1856603,504,0,0
4353,327886,1856593,504,0,0
4354,327886,1856583,504,0,0
4355,327886,1856573,504,0,0
4356,327886,1856563,504,0,0
4357,327886,1856553,503,0,0
4358,327886,1856543,501,0,0
4359,327886,1856533,501,0,0
4360,327886,1856523,500,0,0
4361,327886,1856513,500,0,0
4362,327886,1856503,500,0,0
4363,327886,1856493,503,0,0
4364,327886,1856483,507,0,0
4365,327886,1856473,507,0,0
4366,327886,1856463,513,0,0
4393,327896,1857003,459,6,0
4394,327896,1856993,458,11,0
4395,327896,1856983,458,1,0
4396,327896,1856973,459,0,0
4397,327896,1856963,459,0,0
4398,327896,1856953,459,0,0
4399,327896,1856943,459,0,0
4400,327896,1856933,460,0,1
4401,327896,1856923,460,11,0
4402,327896,1856913,460,0,0
4403,327896,1856903,461,0,0
4404,327896,1856893,461,0,0
4405,327896,1856883,463,0,0
4406,327896,1856873,465,0,0
4407,327896,1856863,465,0,0
4408,327896,1856853,467,10,0
4409,327896,1856843,469,11,0
4410,327896,1856833,469,3,2
4411,327896,1856823,470,0,0
4412,327896,1856813,472,0,0
4413,327896,1856803,472,0,0
4414,327896,1856793,473,0,0
4415,327896,1856783,475,10,1
4416,327896,1856773,475,0,0
4417,327896,1856763,477,0,0
4418,327896,1856753,479,0,0
4419,327896,1856743,479,0,0
4420,327896,1856733,482,0,0
4421,327896,1856723,485,10,0
4422,327896,1856713,485,0,0
4423,327896,1856703,487,0,0
4424,327896,1856693,490,0,0
4425,327896,1856683,490,0,0
4426,327896,1856673,495,0,0
4427,327896,1856663,498,0,0
4428,327896,1856653,498,0,0
4429,327896,1856643,500,0,0
4430,327896,1856633,502,0,0
4431,327896,1856623,502,0,0
4432,327896,1856613,503,0,0
4433,327896,1856603,504,0,0
4434,327896,1856593,504,0,0
4435,327896,1856583,504,0,0
4436,327896,1856573,504,0,0
4437,327896,1856563,504,0,0
4438,327896,1856553,503,0,0
4439,327896,1856543,501,0,0
4440,327896,1856533,501,0,0
4441,327896,1856523,500,0,0
4442,327896,1856513,500,0,0
4443,327896,1856503,500,0,0
4444,327896,1856493,503,0,0
4445,327896,1856483,507,0,0
4446,327896,1856473,507,0,0
4447,327896,1856463,513,0,0
4448,327896,1856453,519,0,0
4473,327906,1857013,458,6,0
4474,327906,1857003,458,8,0
4475,327906,1856993,457,0,0
4476,327906,1856983,457,0,0
4477,327906,1856973,458,0,0
4478,327906,1856963,458,0,0
4479,327906,1856953,458,0,1
4480,327906,1856943,459,0,1
4481,327906,1856933,460,5,1
4482,327906,1856923,460,6,1
4483,327906,1856913,460,0,0
4484,327906,1856903,461,0,0
4485,327906,1856893,461,0,0
4486,327906,1856883,463,0,0
4487,327906,1856873,465,0,0
4488,327906,1856863,465,0,0
4489,327906,1856853,470,0,0
4490,327906,1856843,472,0,0
4491,327906,1856833,472,0,0
4492,327906,1856823,473,0,0
4493,327906,1856813,474,0,0
4494,327906,1856803,474,0,0
4495,327906,1856793,475,0,0
4496,327906,1856783,476,5,1
4497,327906,1856773,476,11,2
4498,327906,1856763,478,10,1
4499,327906,1856753,480,10,0
4500,327906,1856743,480,10,1
4501,327906,1856733,483,10,1
4502,327906,1856723,486,7,0
4503,327906,1856713,486,0,0
4504,327906,1856703,489,0,0
4505,327906,1856693,492,0,0
4506,327906,1856683,492,0,0
4507,327906,1856673,496,0,0
4508,327906,1856663,499,0,0
4509,327906,1856653,499,0,0
4510,327906,1856643,502,0,0
4511,327906,1856633,504,0,0
4512,327906,1856623,504,0,0
4513,327906,1856613,507,0,0
4514,327906,1856603,509,0,0
4515,327906,1856593,509,0,0
4516,327906,1856583,510,0,0
4517,327906,1856573,509,0,0
4518,327906,1856563,509,0,0
4519,327906,1856553,508,0,0
4520,327906,1856543,507,0,0
4521,327906,1856533,507,0,0
4522,327906,1856523,505,0,0
4523,327906,1856513,505,0,0
4524,327906,1856503,505,0,0
4525,327906,1856493,506,0,0
4526,327906,1856483,509,0,0
4527,327906,1856473,509,0,0
4528,327906,1856463,514,0,0
4529,327906,1856453,519,0,0
4553,327916,1857023,457,3,0
4554,327916,1857013,457,10,0
4555,327916,1857003,456,0,0
4556,327916,1856993,456,0,0
4557,327916,1856983,456,0,0
4558,327916,1856973,456,0,0
4559,327916,1856963,457,0,0
4560,327916,1856953,457,7,2
4561,327916,1856943,459,11,3
4562,327916,1856933,461,11,1
4563,327916,1856923,461,0,0
4564,327916,1856913,462,0,0
4565,327916,1856903,464,0,0
4566,327916,1856893,464,0,0
4567,327916,1856883,469,0,0
4568,327916,1856873,472,0,0
4569,327916,1856863,472,0,0
4570,327916,1856853,474,0,0
4571,327916,1856843,475,0,0
4572,327916,1856833,475,0,0
4573,327916,1856823,476,0,0
4574,327916,1856813,476,0,0
4575,327916,1856803,476,0,0
4576,327916,1856793,477,0,0
4577,327916,1856783,478,0,0
4578,327916,1856773,478,0,0
4579,327916,1856763,479,0,0
4580,327916,1856753,481,0,0
4581,327916,1856743,481,0,0
4582,327916,1856733,483,0,1
4583,327916,1856723,486,0,0
4584,327916,1856713,486,0,0
4585,327916,1856703,490,0,0
4586,327916,1856693,493,0,0
4587,327916,1856683,493,0,0
4588,327916,1856673,497,0,0
4589,327916,1856663,500,0,0
4590,327916,1856653,500,0,0
4591,327916,1856643,502,0,0
4592,327916,1856633,505,0,0
4593,327916,1856623,505,0,0
4594,327916,1856613,509,0,0
4595,327916,1856603,513,0,0
4596,327916,1856593,513,0,0
4597,327916,1856583,515,0,0
4598,327916,1856573,515,0,0
4599,327916,1856563,515,0,0
4600,327916,1856553,514,0,0
4601,327916,1856543,513,0,0
4602,327916,1856533,513,0,0
4603,327916,1856523,512,0,0
4604,327916,1856513,511,0,0
4605,327916,1856503,511,0,0
4606,327916,1856493,511,0,0
4607,327916,1856483,512,0,0
4608,327916,1856473,512,0,0
4609,327916,1856463,515,0,0
4610,327916,1856453,519,0,0
4611,327916,1856443,519,0,0
4634,327926,1857023,457,11,0
4635,327926,1857013,457,0,0
4636,327926,1857003,456,0,0
4637,327926,1856993,456,0,0
4638,327926,1856983,456,0,0
4639,327926,1856973,456,0,0
4640,327926,1856963,457,11,1
4641,327926,1856953,457,3,2
4642,327926,1856943,459,0,1
4643,327926,1856933,461,0,1
4644,327926,1856923,461,0,0
4645,327926,1856913,462,0,0
4646,327926,1856903,464,0,0
4647,327926,1856893,464,0,0
4648,327926,1856883,469,0,0
4649,327926,1856873,472,0,0
4650,327926,1856863,472,0,0
4651,327926,1856853,474,0,0
4652,327926,1856843,475,0,0
4653,327926,1856833,475,0,0
4654,327926,1856823,476,0,0
4655,327926,1856813,476,0,0
4656,327926,1856803,476,0,0
4657,327926,1856793,477,0,0
4658,327926,1856783,478,0,0
4659,327926,1856773,478,0,0
4660,327926,1856763,479,0,0
4661,327926,1856753,481,0,0
4662,327926,1856743,481,0,0
4663,327926,1856733,483,0,0
4664,327926,1856723,486,0,0
4665,327926,1856713,486,0,0
4666,327926,1856703,490,0,0
4667,327926,1856693,493,0,0
4668,327926,1856683,493,0,0
4669,327926,1856673,497,0,0
4670,327926,1856663,500,0,0
4671,327926,1856653,500,0,0
4672,327926,1856643,502,0,0
4673,327926,1856633,505,0,0
4674,327926,1856623,505,0,0
4675,327926,1856613,509,0,0
4676,327926,1856603,513,0,0
4677,327926,1856593,513,0,0
4678,327926,1856583,515,0,0
4679,327926,1856573,515,0,0
4680,327926,1856563,515,0,0
4681,327926,1856553,514,0,0
4682,327926,1856543,513,0,0
4683,327926,1856533,513,0,0
4684,327926,1856523,512,0,0
4685,327926,1856513,511,0,0
4686,327926,1856503,511,0,0
4687,327926,1856493,511,0,0
4688,327926,1856483,512,0,0
4689,327926,1856473,512,0,0
4690,327926,1856463,515,0,0
4691,327926,1856453,519,0,0
4692,327926,1856443,519,0,0
4715,327936,1857023,456,10,0
4716,327936,1857013,456,0,0
4717,327936,1857003,455,0,0
4718,327936,1856993,455,0,0
4719,327936,1856983,455,0,0
4720,327936,1856973,455,8,0
4721,327936,1856963,455,6,0
4722,327936,1856953,455,0,0
4723,327936,1856943,458,0,0
4724,327936,1856933,461,0,0
4725,327936,1856923,461,0,0
4726,327936,1856913,463,0,0
4727,327936,1856903,467,0,0
4728,327936,1856893,467,0,0
4729,327936,1856883,471,0,0
4730,327936,1856873,475,0,0
4731,327936,1856863,475,0,0
4732,327936,1856853,478,0,0
4733,327936,1856843,479,0,0
4734,327936,1856833,479,0,0
4735,327936,1856823,478,0,0
4736,327936,1856813,478,0,0
4737,327936,1856803,478,0,0
4738,327936,1856793,478,0,0
4739,327936,1856783,479,0,0
4740,327936,1856773,479,0,0
4741,327936,1856763,480,0,0
4742,327936,1856753,482,0,0
4743,327936,1856743,482,0,0
4744,327936,1856733,484,0,0
4745,327936,1856723,487,0,0
4746,327936,1856713,487,0,0
4747,327936,1856703,490,0,0
4748,327936,1856693,494,0,0
4749,327936,1856683,494,0,0
4750,327936,1856673,497,0,0
4751,327936,1856663,499,0,0
4752,327936,1856653,499,0,0
4753,327936,1856643,501,0,0
4754,327936,1856633,505,0,0
4755,327936,1856623,505,0,0
4756,327936,1856613,511,0,0
4757,327936,1856603,517,0,0
4758,327936,1856593,517,0,0
4759,327936,1856583,519,0,0
4760,327936,1856573,520,0,0
4761,327936,1856563,520,0,0
4762,327936,1856553,519,0,0
4763,327936,1856543,519,0,0
4764,327936,1856533,519,0,0
4765,327936,1856523,518,0,0
4766,327936,1856513,515,0,0
4767,327936,1856503,515,0,0
4768,327936,1856493,514,0,0
4769,327936,1856483,514,0,0
4770,327936,1856473,514,0,0
4771,327936,1856463,515,0,0
4772,327936,1856453,518,0,0
4773,327936,1856443,518,0,0
4795,327946,1857033,455,0,0
4796,327946,1857023,455,18,0
4797,327946,1857013,455,4,0
4798,327946,1857003,454,0,0
4799,327946,1856993,454,0,0
4800,327946,1856983,454,8,1
4801,327946,1856973,454,6,1
4802,327946,1856963,454,0,0
4803,327946,1856953,454,0,0
4804,327946,1856943,457,0,0
4805,327946,1856933,459,0,0
4806,327946,1856923,459,0,0
4807,327946,1856913,461,0,0
4808,327946,1856903,467,0,0
4809,327946,1856893,467,0,0
4810,327946,1856883,473,0,0
4811,327946,1856873,478,0,0
4812,327946,1856863,478,0,0
4813,327946,1856853,480,0,0
4814,327946,1856843,481,0,0
4815,327946,1856833,481,0,0
4816,327946,1856823,480,0,0
4817,327946,1856813,480,0,0
4818,327946,1856803,480,0,0
4819,327946,1856793,480,0,0
4820,327946,1856783,480,0,0
4821,327946,1856773,480,0,0
4822,327946,1856763,481,0,0
4823,327946,1856753,483,0,0
4824,327946,1856743,483,0,0
4825,327946,1856733,485,0,0
4826,327946,1856723,488,0,0
4827,327946,1856713,488,0,0
4828,327946,1856703,491,0,0
4829,327946,1856693,494,0,0
4830,327946,1856683,494,0,0
4831,327946,1856673,497,0,0
4832,327946,1856663,499,0,0
4833,327946,1856653,499,0,0
4834,327946,1856643,500,0,0
4835,327946,1856633,503,0,0
4836,327946,1856623,503,0,0
4837,327946,1856613,510,0,0
4838,327946,1856603,517,0,0
4839,327946,1856593,517,0,0
4840,327946,1856583,520,0,0
4841,327946,1856573,522,0,0
4842,327946,1856563,522,0,0
4843,327946,1856553,522,0,0
4844,327946,1856543,521,0,0
4845,327946,1856533,521,0,0
4846,327946,1856523,520,0,0
4847,327946,1856513,518,0,0
4848,327946,1856503,518,0,0
4849,327946,1856493,517,0,0
4850,327946,1856483,516,0,0
4851,327946,1856473,516,0,0
4852,327946,1856463,516,0,0
4853,327946,1856453,518,0,0
4854,327946,1856443,518,0,0
4855,327946,1856433,521,0,0
4873,327956,1857063,456,0,0
4874,327956,1857053,456,0,0
4875,327956,1857043,456,0,0
4876,327956,1857033,455,0,0
4877,327956,1857023,455,10,0
4878,327956,1857013,455,7,0
4879,327956,1857003,454,10,0
4880,327956,1856993,454,11,0
4881,327956,1856983,454,4,0
4882,327956,1856973,454,0,0
4883,327956,1856963,454,0,0
4884,327956,1856953,454,0,0
4885,327956,1856943,457,0,0
4886,327956,1856933,459,0,0
4887,327956,1856923,459,0,0
4888,327956,1856913,461,0,0
4889,327956,1856903,467,0,0
4890,327956,1856893,467,0,0
4891,327956,1856883,473,0,0
4892,327956,1856873,478,0,0
4893,327956,1856863,478,0,0
4894,327956,1856853,480,0,0
4895,327956,1856843,481,0,0
4896,327956,1856833,481,0,0
4897,327956,1856823,480,0,0
4898,327956,1856813,480,0,0
4899,327956,1856803,480,0,0
4900,327956,1856793,480,0,0
4901,327956,1856783,480,0,0
4902,327956,1856773,480,0,0
4903,327956,1856763,481,0,0
4904,327956,1856753,483,0,0
4905,327956,1856743,483,0,0
4906,327956,1856733,485,0,0
4907,327956,1856723,488,0,0
4908,327956,1856713,488,0,0
4909,327956,1856703,491,0,0
4910,327956,1856693,494,0,0
4911,327956,1856683,494,0,0
4912,327956,1856673,497,0,0
4913,327956,1856663,499,0,0
4914,327956,1856653,499,0,0
4915,327956,1856643,500,0,0
4916,327956,1856633,503,0,0
4917,327956,1856623,503,0,0
4918,327956,1856613,510,0,0
4919,327956,1856603,517,0,0
4920,327956,1856593,517,0,0
4921,327956,1856583,520,0,0
4922,327956,1856573,522,0,0
4923,327956,1856563,522,0,0
4924,327956,1856553,522,0,0
4925,327956,1856543,521,0,0
4926,327956,1856533,521,0,0
4927,327956,1856523,520,0,0
4928,327956,1856513,518,0,0
4929,327956,1856503,518,0,0
4930,327956,1856493,517,0,0
4931,327956,1856483,516,0,0
4932,327956,1856473,516,0,0
4933,327956,1856463,516,0,0
4934,327956,1856453,518,0,0
4935,327956,1856443,518,0,0
4936,327956,1856433,521,0,0
4953,327966,1857073,454,0,0
4954,327966,1857063,454,0,0
4955,327966,1857053,454,0,0
4956,327966,1857043,454,0,0
4957,327966,1857033,454,0,0
4958,327966,1857023,453,10,0
4959,327966,1857013,453,0,0
4960,327966,1857003,453,0,0
4961,327966,1856993,453,0,0
4962,327966,1856983,453,0,0
4963,327966,1856973,453,0,0
4964,327966,1856963,453,0,0
4965,327966,1856953,453,0,0
4966,327966,1856943,454,0,0
4967,327966,1856933,457,0,0
4968,327966,1856923,457,0,0
4969,327966,1856913,461,0,0
4970,327966,1856903,467,0,0
4971,327966,1856893,467,0,0
4972,327966,1856883,473,0,0
4973,327966,1856873,479,0,0
4974,327966,1856863,479,0,0
4975,327966,1856853,481,0,0
4976,327966,1856843,482,0,0
4977,327966,1856833,482,0,0
4978,327966,1856823,482,0,0
4979,327966,1856813,481,0,0
4980,327966,1856803,481,0,0
4981,327966,1856793,481,0,0
4982,327966,1856783,482,0,0
4983,327966,1856773,482,0,0
4984,327966,1856763,482,0,0
4985,327966,1856753,484,0,0
4986,327966,1856743,484,0,0
4987,327966,1856733,486,0,0
4988,327966,1856723,488,0,0
4989,327966,1856713,488,0,0
4990,327966,1856703,491,0,0
4991,327966,1856693,493,0,0
4992,327966,1856683,493,0,0
4993,327966,1856673,496,0,0
4994,327966,1856663,498,0,0
4995,327966,1856653,498,0,0
4996,327966,1856643,500,0,0
4997,327966,1856633,501,0,0
4998,327966,1856623,501,0,0
4999,327966,1856613,508,0,0
5000,327966,1856603,515,0,0
5001,327966,1856593,515,0,0
5002,327966,1856583,520,0,0
5003,327966,1856573,522,0,0
5004,327966,1856563,522,0,0
5005,327966,1856553,522,0,0
5006,327966,1856543,522,0,0
5007,327966,1856533,522,0,0
5008,327966,1856523,521,0,0
5009,327966,1856513,520,0,0
5010,327966,1856503,520,0,0
5011,327966,1856493,519,0,0
5012,327966,1856483,518,0,0
5013,327966,1856473,518,0,0
5014,327966,1856463,518,0,0
5015,327966,1856453,519,0,0
5016,327966,1856443,519,0,0
5017,327966,1856433,522,0,0
5018,327966,1856423,528,0,0
5032,327976,1857093,451,0,0
5033,327976,1857083,452,0,0
5034,327976,1857073,452,0,0
5035,327976,1857063,452,0,0
5036,327976,1857053,452,0,0
5037,327976,1857043,452,1,0
5038,327976,1857033,452,11,0
5039,327976,1857023,452,8,0
5040,327976,1857013,452,0,0
5041,327976,1857003,452,0,0
5042,327976,1856993,452,0,0
5043,327976,1856983,452,0,0
5044,327976,1856973,451,0,0
5045,327976,1856963,452,0,0
5046,327976,1856953,452,0,0
5047,327976,1856943,454,0,0
5048,327976,1856933,456,4,0
5049,327976,1856923,456,10,0
5050,327976,1856913,460,10,0
5051,327976,1856903,466,10,0
5052,327976,1856893,466,10,0
5053,327976,1856883,473,10,0
5054,327976,1856873,479,10,0
5055,327976,1856863,479,10,0
5056,327976,1856853,482,10,0
5057,327976,1856843,483,5,0
5058,327976,1856833,483,0,0
5059,327976,1856823,483,0,0
5060,327976,1856813,483,0,0
5061,327976,1856803,483,0,0
5062,327976,1856793,483,0,0
5063,327976,1856783,483,0,0
5064,327976,1856773,483,0,0
5065,327976,1856763,484,0,0
5066,327976,1856753,485,0,0
5067,327976,1856743,485,0,0
5068,327976,1856733,487,0,0
5069,327976,1856723,489,0,0
5070,327976,1856713,489,0,0
5071,327976,1856703,491,0,0
5072,327976,1856693,493,0,0
5073,327976,1856683,493,0,0
5074,327976,1856673,495,0,0
5075,327976,1856663,497,0,0
5076,327976,1856653,497,0,0
5077,327976,1856643,499,0,0
5078,327976,1856633,501,0,0
5079,327976,1856623,501,0,0
5080,327976,1856613,507,0,0
5081,327976,1856603,513,0,0
5082,327976,1856593,513,0,0
5083,327976,1856583,518,0,0
5084,327976,1856573,521,0,0
5085,327976,1856563,521,0,0
5086,327976,1856553,522,0,0
5087,327976,1856543,523,0,0
5088,327976,1856533,523,0,0
5089,327976,1856523,522,0,0
5090,327976,1856513,521,0,0
5091,327976,1856503,521,0,0
5092,327976,1856493,521,0,0
5093,327976,1856483,520,0,0
5094,327976,1856473,520,0,0
5095,327976,1856463,520,0,0
5096,327976,1856453,523,0,0
5097,327976,1856443,523,0,0
5098,327976,1856433,526,0,0
5099,327976,1856423,532,0,0
5111,327986,1857113,450,8,0
5112,327986,1857103,450,10,0
5113,327986,1857093,451,10,0
5114,327986,1857083,452,10,0
5115,327986,1857073,452,10,0
5116,327986,1857063,452,10,0
5117,327986,1857053,452,10,0
5118,327986,1857043,452,10,0
5119,327986,1857033,452,0,0
5120,327986,1857023,452,0,0
5121,327986,1857013,452,0,0
5122,327986,1857003,452,0,0
5123,327986,1856993,452,0,0
5124,327986,1856983,452,0,0
5125,327986,1856973,451,0,0
5126,327986,1856963,452,0,0
5127,327986,1856953,452,6,0
5128,327986,1856943,454,11,0
5129,327986,1856933,456,7,0
5138,327986,1856843,483,5,0
5139,327986,1856833,483,12,0
5140,327986,1856823,483,7,0
5141,327986,1856813,483,0,0
5142,327986,1856803,483,0,0
5143,327986,1856793,483,0,0
5144,327986,1856783,483,0,0
5145,327986,1856773,483,0,0
5146,327986,1856763,484,0,0
5147,327986,1856753,485,0,0
5148,327986,1856743,485,0,0
5149,327986,1856733,487,0,0
5150,327986,1856723,489,0,0
5151,327986,1856713,489,0,0
5152,327986,1856703,491,0,0
5153,327986,1856693,493,0,0
5154,327986,1856683,493,0,0
5155,327986,1856673,495,0,0
5156,327986,1856663,497,0,0
5157,327986,1856653,497,0,0
5158,327986,1856643,499,0,0
5159,327986,1856633,501,0,0
5160,327986,1856623,501,0,0
5161,327986,1856613,507,0,0
5162,327986,1856603,513,0,0
5163,327986,1856593,513,0,0
5164,327986,1856583,518,0,0
5165,327986,1856573,521,0,0
5166,327986,1856563,521,0,0
5167,327986,1856553,522,0,0
5168,327986,1856543,523,0,0
5169,327986,1856533,523,0,0
5170,327986,1856523,522,0,0
5171,327986,1856513,521,0,0
5172,327986,1856503,521,0,0
5173,327986,1856493,521,0,0
5174,327986,1856483,520,0,0
5175,327986,1856473,520,0,0
5176,327986,1856463,520,0,0
5177,327986,1856453,523,0,0
5178,327986,1856443,523,0,0
5179,327986,1856433,526,0,0
5180,327986,1856423,532,0,0
5181,327986,1856413,532,0,0
5190,327996,1857133,444,0,0
5191,327996,1857123,446,12,0
5192,327996,1857113,447,9,0
5193,327996,1857103,447,0,0
5194,327996,1857093,449,0,0
5195,327996,1857083,450,0,0
5196,327996,1857073,450,0,0
5197,327996,1857063,450,0,0
5198,327996,1857053,451,0,0
5199,327996,1857043,451,0,0
5200,327996,1857033,451,0,0
5201,327996,1857023,451,0,0
5202,327996,1857013,451,0,0
5203,327996,1857003,450,0,0
5204,327996,1856993,450,0,0
5205,327996,1856983,450,0,0
5206,327996,1856973,449,2,0
5207,327996,1856963,451,11,0
5208,327996,1856953,451,6,0
5221,327996,1856823,483,5,0
5222,327996,1856813,483,12,0
5223,327996,1856803,483,0,0
5224,327996,1856793,483,0,0
5225,327996,1856783,484,0,0
5226,327996,1856773,484,0,0
5227,327996,1856763,485,0,0
5228,327996,1856753,486,0,0
5229,327996,1856743,486,0,0
5230,327996,1856733,488,0,0
5231,327996,1856723,489,0,0
5232,327996,1856713,489,0,0
5233,327996,1856703,491,0,0
5234,327996,1856693,493,0,0
5235,327996,1856683,493,0,0
5236,327996,1856673,495,0,0
5237,327996,1856663,497,0,0
5238,327996,1856653,497,0,0
5239,327996,1856643,499,0,0
5240,327996,1856633,502,0,0
5241,327996,1856623,502,0,0
5242,327996,1856613,507,0,0
5243,327996,1856603,512,0,0
5244,327996,1856593,512,0,0
5245,327996,1856583,517,0,0
5246,327996,1856573,520,0,0
5247,327996,1856563,520,0,0
5248,327996,1856553,522,0,0
5249,327996,1856543,523,0,0
5250,327996,1856533,523,0,0
5251,327996,1856523,523,0,0
5252,327996,1856513,523,0,0
5253,327996,1856503,523,0,0
5254,327996,1856493,523,0,0
5255,327996,1856483,523,0,0
5256,327996,1856473,523,0,0
5257,327996,1856463,524,0,0
5258,327996,1856453,527,0,0
5259,327996,1856443,527,0,0
5260,327996,1856433,531,0,0
5261,327996,1856423,531,0,0
5262,327996,1856413,531,0,0
5269,328006,1857153,440,0,0
5270,328006,1857143,442,10,0
5271,328006,1857133,442,11,0
5272,328006,1857123,444,0,0
5273,328006,1857113,445,0,0
5274,328006,1857103,445,0,0
5275,328006,1857093,447,0,0
5276,328006,1857083,448,0,0
5277,328006,1857073,448,0,0
5278,328006,1857063,448,0,0
5279,328006,1857053,449,0,0
5280,328006,1857043,449,0,0
5281,328006,1857033,449,0,0
5282,328006,1857023,449,0,0
5283,328006,1857013,449,0,0
5284,328006,1857003,448,0,0
5285,328006,1856993,448,0,0
5286,328006,1856983,448,10,0
5287,328006,1856973,448,10,0
5303,328006,1856813,482,0,0
5304,328006,1856803,482,12,0
5305,328006,1856793,483,0,0
5306,328006,1856783,484,0,0
5307,328006,1856773,484,0,0
5308,328006,1856763,486,0,0
5309,328006,1856753,487,0,0
5310,328006,1856743,487,0,0
5311,328006,1856733,489,0,0
5312,328006,1856723,490,0,0
5313,328006,1856713,490,0,0
5314,328006,1856703,491,1,0
5315,328006,1856693,493,10,0
5316,328006,1856683,493,10,0
5317,328006,1856673,495,10,0
5318,328006,1856663,497,10,0
5319,328006,1856653,497,10,0
5320,328006,1856643,499,11,0
5321,328006,1856633,502,10,0
5322,328006,1856623,502,10,0
5323,328006,1856613,506,10,0
5324,328006,1856603,511,10,0
5325,328006,1856593,511,10,0
5326,328006,1856583,516,10,0
5327,328006,1856573,519,10,0
5328,328006,1856563,519,1,0
5329,328006,1856553,522,0,0
5330,328006,1856543,524,0,0
5331,328006,1856533,524,0,0
5332,328006,1856523,525,0,0
5333,328006,1856513,525,0,0
5334,328006,1856503,525,0,0
5335,328006,1856493,526,0,0
5336,328006,1856483,527,0,0
5337,328006,1856473,527,0,0
5338,328006,1856463,529,0,0
5339,328006,1856453,531,0,0
5340,328006,1856443,531,0,0
5341,328006,1856433,535,0,0
5342,328006,1856423,535,0,0
5343,328006,1856413,535,0,0
5349,328016,1857163,438,0,0
5350,328016,1857153,440,12,0
5351,328016,1857143,442,2,0
5352,328016,1857133,442,0,0
5353,328016,1857123,444,0,0
5354,328016,1857113,445,0,0
5355,328016,1857103,445,0,0
5356,328016,1857093,447,0,0
5357,328016,1857083,448,0,0
5358,328016,1857073,448,0,0
5359,328016,1857063,448,0,0
5360,328016,1857053,449,0,0
5361,328016,1857043,449,0,0
5362,328016,1857033,449,0,0
5363,328016,1857023,449,0,0
5364,328016,1857013,449,0,0
5365,328016,1857003,448,7,0
5366,328016,1856993,448,12,0
5367,328016,1856983,448,1,0
5385,328016,1856803,482,10,0
5386,328016,1856793,483,0,0
5387,328016,1856783,484,0,0
5388,328016,1856773,484,0,0
5389,328016,1856763,486,0,0
5390,328016,1856753,487,0,0
5391,328016,1856743,487,0,0
5392,328016,1856733,489,0,0
5393,328016,1856723,490,0,0
5394,328016,1856713,490,10,0
5395,328016,1856703,491,11,0
5396,328016,1856693,493,0,0
5408,328016,1856573,519,0,0
5409,328016,1856563,519,10,0
5410,328016,1856553,522,12,0
5411,328016,1856543,524,0,0
5412,328016,1856533,524,0,0
5413,328016,1856523,525,0,0
5414,328016,1856513,525,0,0
5415,328016,1856503,525,0,0
5416,328016,1856493,526,0,0
5417,328016,1856483,527,0,0
5418,328016,1856473,527,0,0
5419,328016,1856463,529,0,0
5420,328016,1856453,531,0,0
5421,328016,1856443,531,0,0
5422,328016,1856433,535,0,0
5423,328016,1856423,535,0,0
5424,328016,1856413,535,0,0
5425,328016,1856403,540,0,0
5430,328026,1857163,437,0,0
5431,328026,1857153,438,10,0
5432,328026,1857143,440,0,0
5433,328026,1857133,440,0,0
5434,328026,1857123,442,0,0
5435,328026,1857113,443,0,0
5436,328026,1857103,443,0,0
5437,328026,1857093,445,0,0
5438,328026,1857083,446,0,0
5439,328026,1857073,446,0,0
5440,328026,1857063,447,0,0
5441,328026,1857053,447,0,0
5442,328026,1857043,447,0,0
5443,328026,1857033,448,0,0
5444,328026,1857023,447,6,0
5445,328026,1857013,447,11,0
5446,328026,1857003,447,5,0
5466,328026,1856803,480,10,0
5467,328026,1856793,482,2,0
5468,328026,1856783,484,0,0
5469,328026,1856773,484,0,0
5470,328026,1856763,487,0,0
5471,328026,1856753,489,0,0
5472,328026,1856743,489,0,0
5473,328026,1856733,490,9,0
5474,328026,1856723,491,11,0
5475,328026,1856713,491,1,0
5491,328026,1856553,522,0,0
5492,328026,1856543,525,12,0
5493,328026,1856533,525,9,0
5494,328026,1856523,526,0,0
5495,328026,1856513,528,0,0
5496,328026,1856503,528,0,0
5497,328026,1856493,529,0,0
5498,328026,1856483,531,0,0
5499,328026,1856473,531,0,0
5500,328026,1856463,532,0,0
5501,328026,1856453,535,0,0
5502,328026,1856443,535,0,0
5503,328026,1856433,539,0,0
5504,328026,1856423,539,0,0
5505,328026,1856413,539,0,0
5506,328026,1856403,542,0,0
5511,328036,1857163,438,7,0
5512,328036,1857153,439,3,0
5513,328036,1857143,440,0,0
5514,328036,1857133,440,0,0
5515,328036,1857123,441,0,0
5516,328036,1857113,442,0,0
5517,328036,1857103,442,0,0
5518,328036,1857093,443,0,0
5519,328036,1857083,445,0,0
5520,328036,1857073,445,0,0
5521,328036,1857063,445,0,0
5522,328036,1857053,446,0,0
5523,328036,1857043,446,0,0
5524,328036,1857033,446,10,0
5525,328036,1857023,446,5,0
5548,328036,1856793,481,12,0
5549,328036,1856783,485,3,0
5550,328036,1856773,485,0,0
5551,328036,1856763,488,0,0
5552,328036,1856753,491,11,0
5553,328036,1856743,491,11,0
5554,328036,1856733,492,3,0
5574,328036,1856533,526,2,0
5575,328036,1856523,528,10,0
5576,328036,1856513,530,11,0
5577,328036,1856503,530,10,0
5578,328036,1856493,532,5,0
5579,328036,1856483,534,0,0
5580,328036,1856473,534,0,0
5581,328036,1856463,535,0,0
5582,328036,1856453,538,0,0
5583,328036,1856443,538,0,0
5584,328036,1856433,538,0,0
5585,328036,1856423,540,0,0
5586,328036,1856413,540,2,0
5587,328036,1856403,544,10,0
5588,328036,1856393,548,1,0
5592,328046,1857163,438,11,0
5593,328046,1857153,439,0,0
5594,328046,1857143,440,0,0
5595,328046,1857133,440,0,0
5596,328046,1857123,441,0,0
5597,328046,1857113,442,0,0
5598,328046,1857103,442,0,0
5599,328046,1857093,443,0,0
5600,328046,1857083,445,0,0
5601,328046,1857073,445,0,0
5602,328046,1857063,445,0,0
5603,328046,1857053,446,0,0
5604,328046,1857043,446,5,0
5605,328046,1857033,446,7,0
5630,328046,1856783,485,8,0
5631,328046,1856773,485,10,0
5632,328046,1856763,488,10,0
5633,328046,1856753,491,0,0
5659,328046,1856493,532,5,0
5660,328046,1856483,534,10,0
5661,328046,1856473,534,11,0
5662,328046,1856463,535,10,0
5663,328046,1856453,538,10,0
5664,328046,1856443,538,10,0
5665,328046,1856433,538,10,0
5666,328046,1856423,540,11,0
5667,328046,1856413,540,9,0
5673,328056,1857163,438,10,0
5674,328056,1857153,439,0,0
5675,328056,1857143,441,0,0
5676,328056,1857133,441,0,0
5677,328056,1857123,442,0,0
5678,328056,1857113,443,0,0
5679,328056,1857103,443,0,0
5680,328056,1857093,443,0,0
5681,328056,1857083,443,0,0
5682,328056,1857073,443,0,0
5683,328056,1857063,447,0,0
5684,328056,1857053,445,0,0
5685,328056,1857043,445,11,0
5753,328066,1857173,438,8,0
5754,328066,1857163,438,4,0
5755,328066,1857153,439,0,0
5756,328066,1857143,442,0,0
5757,328066,1857133,442,0,0
5758,328066,1857123,444,0,0
5759,328066,1857113,445,0,0
5760,328066,1857103,445,0,0
5761,328066,1857093,446,1,0
5762,328066,1857083,450,11,0
5763,328066,1857073,450,10,0
5764,328066,1857063,450,8,0
5765,328066,1857053,449,6,0
5766,328066,1857043,449,5,0
5834,328076,1857173,438,10,0
5835,328076,1857163,438,2,0
5836,328076,1857153,439,0,0
5837,328076,1857143,442,0,0
5838,328076,1857133,442,0,0
5839,328076,1857123,444,0,0
5840,328076,1857113,445,3,0
5841,328076,1857103,445,12,0
5842,328076,1857093,446,9,0
5843,328076,1857083,450,0,0
5845,328076,1857063,450,2,0
5846,328076,1857053,449,8,0
5916,328086,1857163,439,12,0
5917,328086,1857153,440,10,0
5918,328086,1857143,443,10,0
5919,328086,1857133,443,10,0
5920,328086,1857123,446,10,0
5921,328086,1857113,448,8,0
